
</gml:Point>
</TopoftheSouthMaps:Shape>
</TopoftheSouthMaps:Recreation_-_Places_Of_Interest>
</gml:featureMember>
<gml:featureMember>
<TopoftheSouthMaps:Recreation_-_Places_Of_Interest fid="F5645__717">
<TopoftheSouthMaps:OBJECTID>717</TopoftheSouthMaps:OBJECTID>
<TopoftheSouthMaps:Type>Open Orchard</TopoftheSouthMaps:Type>
('Branford Park','','','
<TopoftheSouthMaps:WebLinks>
http://www.nelsoncitycouncil.co.nz/growing-food-at-home/
</TopoftheSouthMaps:WebLinks>
<TopoftheSouthMaps:Council>Nelson City Council</TopoftheSouthMaps:Council>
<TopoftheSouthMaps:AdditionalInformation>Black Walnuts</TopoftheSouthMaps:AdditionalInformation>
<TopoftheSouthMaps:GlobalID>{9EE05D7F-8D52-48A0-80E1-A9DC3EACC473}</TopoftheSouthMaps:GlobalID>
<TopoftheSouthMaps:Shape>
<gml:Point>
<gml:coordinates>173.30665600037312','-41.273063991339406',''),
</gml:Point>
</TopoftheSouthMaps:Shape>
</TopoftheSouthMaps:Recreation_-_Places_Of_Interest>
</gml:featureMember>
<gml:featureMember>
<TopoftheSouthMaps:Recreation_-_Places_Of_Interest fid="F5645__718">
<TopoftheSouthMaps:OBJECTID>718</TopoftheSouthMaps:OBJECTID>
<TopoftheSouthMaps:Type>Open Orchard</TopoftheSouthMaps:Type>
('Avon Terrace','','','
<TopoftheSouthMaps:WebLinks>
http://www.nelsoncitycouncil.co.nz/growing-food-at-home/
</TopoftheSouthMaps:WebLinks>
<TopoftheSouthMaps:Council>Nelson City Council</TopoftheSouthMaps:Council>
<TopoftheSouthMaps:AdditionalInformation>Strawberry Dogwood</TopoftheSouthMaps:AdditionalInformation>
<TopoftheSouthMaps:GlobalID>{F871B11E-1F24-4D94-A783-454178076642}</TopoftheSouthMaps:GlobalID>
<TopoftheSouthMaps:Shape>
<gml:Point>
<gml:coordinates>173.29249100008337','-41.273122000903051',''),
</gml:Point>
</TopoftheSouthMaps:Shape>
</TopoftheSouthMaps:Recreation_-_Places_Of_Interest>
</gml:featureMember>
<gml:featureMember>
<TopoftheSouthMaps:Recreation_-_Places_Of_Interest fid="F5645__719">
<TopoftheSouthMaps:OBJECTID>719</TopoftheSouthMaps:OBJECTID>
<TopoftheSouthMaps:Type>Open Orchard</TopoftheSouthMaps:Type>
('Watson Street Park','','','
<TopoftheSouthMaps:WebLinks>
http://www.nelsoncitycouncil.co.nz/growing-food-at-home/
</TopoftheSouthMaps:WebLinks>
<TopoftheSouthMaps:Council>Nelson City Council</TopoftheSouthMaps:Council>
<TopoftheSouthMaps:AdditionalInformation>Apples Plums Loquats And A Nice Peach</TopoftheSouthMaps:AdditionalInformation>
<TopoftheSouthMaps:GlobalID>{FB4E3977-6EEE-44B4-B01E-6310057C01AE}</TopoftheSouthMaps:GlobalID>
<TopoftheSouthMaps:Shape>
<gml:Point>
<gml:coordinates>173.2736510001817','-41.273135990816925',''),
</gml:Point>
</TopoftheSouthMaps:Shape>
</TopoftheSouthMaps:Recreation_-_Places_Of_Interest>
</gml:featureMember>
<gml:featureMember>
<TopoftheSouthMaps:Recreation_-_Places_Of_Interest fid="F5645__720">
<TopoftheSouthMaps:OBJECTID>720</TopoftheSouthMaps:OBJECTID>
<TopoftheSouthMaps:Type>Open Orchard</TopoftheSouthMaps:Type>
('Queens Gardens','','','
<TopoftheSouthMaps:WebLinks>
http://www.nelsoncitycouncil.co.nz/growing-food-at-home/
</TopoftheSouthMaps:WebLinks>
<TopoftheSouthMaps:Council>Nelson City Council</TopoftheSouthMaps:Council>
<TopoftheSouthMaps:AdditionalInformation>Banana</TopoftheSouthMaps:AdditionalInformation>
<TopoftheSouthMaps:GlobalID>{11EDC423-418D-4D17-8E9A-888235BF110C}</TopoftheSouthMaps:GlobalID>
<TopoftheSouthMaps:Shape>
<gml:Point>
<gml:coordinates>173.29001400046576','-41.273743000568999',''),
</gml:Point>
</TopoftheSouthMaps:Shape>
</TopoftheSouthMaps:Recreation_-_Places_Of_Interest>
</gml:featureMember>
<gml:featureMember>
<TopoftheSouthMaps:Recreation_-_Places_Of_Interest fid="F5645__721">
<TopoftheSouthMaps:OBJECTID>721</TopoftheSouthMaps:OBJECTID>
<TopoftheSouthMaps:Type>Open Orchard</TopoftheSouthMaps:Type>
('Queens Gardens','','','
<TopoftheSouthMaps:WebLinks>
http://www.nelsoncitycouncil.co.nz/growing-food-at-home/
</TopoftheSouthMaps:WebLinks>
<TopoftheSouthMaps:Council>Nelson City Council</TopoftheSouthMaps:Council>
<TopoftheSouthMaps:AdditionalInformation>Banana Macadamia Cherry Guava Avocado</TopoftheSouthMaps:AdditionalInformation>
<TopoftheSouthMaps:GlobalID>{D26DAFEC-3B89-4D16-B9E4-7980F74CCDAA}</TopoftheSouthMaps:GlobalID>
<TopoftheSouthMaps:Shape>
<gml:Point>
<gml:coordinates>173.29051899941885','-41.273783001059833',''),
</gml:Point>
</TopoftheSouthMaps:Shape>
</TopoftheSouthMaps:Recreation_-_Places_Of_Interest>
</gml:featureMember>
<gml:featureMember>
<TopoftheSouthMaps:Recreation_-_Places_Of_Interest fid="F5645__722">
<TopoftheSouthMaps:OBJECTID>722</TopoftheSouthMaps:OBJECTID>
<TopoftheSouthMaps:Type>Open Orchard</TopoftheSouthMaps:Type>
('Centre Of NZ Open Orchard','','','
<TopoftheSouthMaps:WebLinks>
http://www.nelsoncitycouncil.co.nz/growing-food-at-home/
</TopoftheSouthMaps:WebLinks>
<TopoftheSouthMaps:Council>Nelson City Council</TopoftheSouthMaps:Council>
<TopoftheSouthMaps:AdditionalInformation>Feijoas, Figs,Hazelnuts, Walnuts And 1 Persimmon</TopoftheSouthMaps:AdditionalInformation>
<TopoftheSouthMaps:GlobalID>{2218DF6B-7D9E-4B67-B69A-B06454EDBC9C}</TopoftheSouthMaps:GlobalID>
<TopoftheSouthMaps:Shape>
<gml:Point>
<gml:coordinates>173.29947699984257','-41.274097001258284',''),
</gml:Point>
</TopoftheSouthMaps:Shape>
</TopoftheSouthMaps:Recreation_-_Places_Of_Interest>
</gml:featureMember>
<gml:featureMember>
<TopoftheSouthMaps:Recreation_-_Places_Of_Interest fid="F5645__723">
<TopoftheSouthMaps:OBJECTID>723</TopoftheSouthMaps:OBJECTID>
<TopoftheSouthMaps:Type>Open Orchard</TopoftheSouthMaps:Type>
('Alma Lane Open Orchard','','','
<TopoftheSouthMaps:WebLinks>
http://www.nelsoncitycouncil.co.nz/growing-food-at-home/
</TopoftheSouthMaps:WebLinks>
<TopoftheSouthMaps:Council>Nelson City Council</TopoftheSouthMaps:Council>
<TopoftheSouthMaps:AdditionalInformation>
Feijoas Grapes Apples, Pear Artichokes Blackberries Citrus
</TopoftheSouthMaps:AdditionalInformation>
<TopoftheSouthMaps:GlobalID>{AD8453BF-25AA-46C3-9A88-FD500602F0CA}</TopoftheSouthMaps:GlobalID>
<TopoftheSouthMaps:Shape>
<gml:Point>
<gml:coordinates>173.28621600014853','-41.274275000570732',''),
</gml:Point>
</TopoftheSouthMaps:Shape>
</TopoftheSouthMaps:Recreation_-_Places_Of_Interest>
</gml:featureMember>
<gml:featureMember>
<TopoftheSouthMaps:Recreation_-_Places_Of_Interest fid="F5645__724">
<TopoftheSouthMaps:OBJECTID>724</TopoftheSouthMaps:OBJECTID>
<TopoftheSouthMaps:Type>Open Orchard</TopoftheSouthMaps:Type>
('Queens Gardens','','','
<TopoftheSouthMaps:WebLinks>
http://www.nelsoncitycouncil.co.nz/growing-food-at-home/
</TopoftheSouthMaps:WebLinks>
<TopoftheSouthMaps:Council>Nelson City Council</TopoftheSouthMaps:Council>
<TopoftheSouthMaps:AdditionalInformation>2 Artichokes</TopoftheSouthMaps:AdditionalInformation>
<TopoftheSouthMaps:GlobalID>{83FD2BB2-3478-47EC-B210-B438E1BC1941}</TopoftheSouthMaps:GlobalID>
<TopoftheSouthMaps:Shape>
<gml:Point>
<gml:coordinates>173.28614700011036','-41.27430700112847',''),
</gml:Point>
</TopoftheSouthMaps:Shape>
</TopoftheSouthMaps:Recreation_-_Places_Of_Interest>
</gml:featureMember>
<gml:featureMember>
<TopoftheSouthMaps:Recreation_-_Places_Of_Interest fid="F5645__725">
<TopoftheSouthMaps:OBJECTID>725</TopoftheSouthMaps:OBJECTID>
<TopoftheSouthMaps:Type>Open Orchard</TopoftheSouthMaps:Type>
('Maitai Walkway','','','
<TopoftheSouthMaps:WebLinks>
http://www.nelsoncitycouncil.co.nz/growing-food-at-home/
</TopoftheSouthMaps:WebLinks>
<TopoftheSouthMaps:Council>Nelson City Council</TopoftheSouthMaps:Council>
<TopoftheSouthMaps:AdditionalInformation>Strawberry Dogwood</TopoftheSouthMaps:AdditionalInformation>
<TopoftheSouthMaps:GlobalID>{DEDC3D41-69C9-4FA6-92CF-7C939DE96F47}</TopoftheSouthMaps:GlobalID>
<TopoftheSouthMaps:Shape>
<gml:Point>
<gml:coordinates>173.29338299968373','-41.274372001113363',''),
</gml:Point>
</TopoftheSouthMaps:Shape>
</TopoftheSouthMaps:Recreation_-_Places_Of_Interest>
</gml:featureMember>
<gml:featureMember>
<TopoftheSouthMaps:Recreation_-_Places_Of_Interest fid="F5645__726">
<TopoftheSouthMaps:OBJECTID>726</TopoftheSouthMaps:OBJECTID>
<TopoftheSouthMaps:Type>Open Orchard</TopoftheSouthMaps:Type>
('Hardy Street','','','
<TopoftheSouthMaps:WebLinks>
http://www.nelsoncitycouncil.co.nz/growing-food-at-home/
</TopoftheSouthMaps:WebLinks>
<TopoftheSouthMaps:Council>Nelson City Council</TopoftheSouthMaps:Council>
<TopoftheSouthMaps:AdditionalInformation>2 Olive Trees</TopoftheSouthMaps:AdditionalInformation>
<TopoftheSouthMaps:GlobalID>{85EAF86A-4FA3-47B1-8C10-5DF9EF908494}</TopoftheSouthMaps:GlobalID>
<TopoftheSouthMaps:Shape>
<gml:Point>
<gml:coordinates>173.28617299981315','-41.274388001244645',''),
</gml:Point>
</TopoftheSouthMaps:Shape>
</TopoftheSouthMaps:Recreation_-_Places_Of_Interest>
</gml:featureMember>
<gml:featureMember>
<TopoftheSouthMaps:Recreation_-_Places_Of_Interest fid="F5645__727">
<TopoftheSouthMaps:OBJECTID>727</TopoftheSouthMaps:OBJECTID>
<TopoftheSouthMaps:Type>Open Orchard</TopoftheSouthMaps:Type>
('Maitai Road- by post boxes','','','
<TopoftheSouthMaps:WebLinks>
http://www.nelsoncitycouncil.co.nz/growing-food-at-home/
</TopoftheSouthMaps:WebLinks>
<TopoftheSouthMaps:Council>Nelson City Council</TopoftheSouthMaps:Council>
<TopoftheSouthMaps:AdditionalInformation>Walnut</TopoftheSouthMaps:AdditionalInformation>
<TopoftheSouthMaps:GlobalID>{72119C45-58E0-4EA6-B720-A68433C2F2B3}</TopoftheSouthMaps:GlobalID>
<TopoftheSouthMaps:Shape>
<gml:Point>
<gml:coordinates>173.29995699040109','-41.275950990991682',''),
</gml:Point>
</TopoftheSouthMaps:Shape>
</TopoftheSouthMaps:Recreation_-_Places_Of_Interest>
</gml:featureMember>
<gml:featureMember>
<TopoftheSouthMaps:Recreation_-_Places_Of_Interest fid="F5645__728">
<TopoftheSouthMaps:OBJECTID>728</TopoftheSouthMaps:OBJECTID>
<TopoftheSouthMaps:Type>Open Orchard</TopoftheSouthMaps:Type>
('Nelson Central School','','','
<TopoftheSouthMaps:WebLinks>
http://www.nelsoncitycouncil.co.nz/growing-food-at-home/
</TopoftheSouthMaps:WebLinks>
<TopoftheSouthMaps:Council>Nelson City Council</TopoftheSouthMaps:Council>
<TopoftheSouthMaps:AdditionalInformation>Feijoa Citrus Hazelnut</TopoftheSouthMaps:AdditionalInformation>
<TopoftheSouthMaps:GlobalID>{CB85906C-35D9-4BEF-9DBE-7A3B5AD9180B}</TopoftheSouthMaps:GlobalID>
<TopoftheSouthMaps:Shape>
<gml:Point>
<gml:coordinates>173.28865199947867','-41.276633001130691',''),
</gml:Point>
</TopoftheSouthMaps:Shape>
</TopoftheSouthMaps:Recreation_-_Places_Of_Interest>
</gml:featureMember>
<gml:featureMember>
<TopoftheSouthMaps:Recreation_-_Places_Of_Interest fid="F5645__729">
<TopoftheSouthMaps:OBJECTID>729</TopoftheSouthMaps:OBJECTID>
<TopoftheSouthMaps:Type>Open Orchard</TopoftheSouthMaps:Type>
('Maitai Walkway','','','
<TopoftheSouthMaps:WebLinks>
http://www.nelsoncitycouncil.co.nz/growing-food-at-home/
</TopoftheSouthMaps:WebLinks>
<TopoftheSouthMaps:Council>Nelson City Council</TopoftheSouthMaps:Council>
<TopoftheSouthMaps:AdditionalInformation>Loquat</TopoftheSouthMaps:AdditionalInformation>
<TopoftheSouthMaps:GlobalID>{0D1B3D14-664F-4E1E-A0EC-414F9B6168F6}</TopoftheSouthMaps:GlobalID>
<TopoftheSouthMaps:Shape>
<gml:Point>
<gml:coordinates>173.29627998989767','-41.277621991039879',''),
</gml:Point>
</TopoftheSouthMaps:Shape>
</TopoftheSouthMaps:Recreation_-_Places_Of_Interest>
</gml:featureMember>
<gml:featureMember>
<TopoftheSouthMaps:Recreation_-_Places_Of_Interest fid="F5645__730">
<TopoftheSouthMaps:OBJECTID>730</TopoftheSouthMaps:OBJECTID>
<TopoftheSouthMaps:Type>Open Orchard</TopoftheSouthMaps:Type>
('Alton Street','','','
<TopoftheSouthMaps:WebLinks>
http://www.nelsoncitycouncil.co.nz/growing-food-at-home/
</TopoftheSouthMaps:WebLinks>
<TopoftheSouthMaps:Council>Nelson City Council</TopoftheSouthMaps:Council>
<TopoftheSouthMaps:AdditionalInformation>Plum</TopoftheSouthMaps:AdditionalInformation>
<TopoftheSouthMaps:GlobalID>{6392AE45-3E0A-4414-ACD5-517D05C484ED}</TopoftheSouthMaps:GlobalID>
<TopoftheSouthMaps:Shape>
<gml:Point>
<gml:coordinates>173.28974100044545','-41.277881000687302',''),
</gml:Point>
</TopoftheSouthMaps:Shape>
</TopoftheSouthMaps:Recreation_-_Places_Of_Interest>
</gml:featureMember>
<gml:featureMember>
<TopoftheSouthMaps:Recreation_-_Places_Of_Interest fid="F5645__731">
<TopoftheSouthMaps:OBJECTID>731</TopoftheSouthMaps:OBJECTID>
<TopoftheSouthMaps:Type>Open Orchard</TopoftheSouthMaps:Type>
('Manuka/Cleveland/Harper Sts','','','
<TopoftheSouthMaps:WebLinks>
http://www.nelsoncitycouncil.co.nz/growing-food-at-home/
</TopoftheSouthMaps:WebLinks>
<TopoftheSouthMaps:Council>Nelson City Council</TopoftheSouthMaps:Council>
<TopoftheSouthMaps:AdditionalInformation>Apple Pear Feijoa Olive</TopoftheSouthMaps:AdditionalInformation>
<TopoftheSouthMaps:GlobalID>{0924EE45-18CE-4931-9A07-83FBB1DFE6F6}</TopoftheSouthMaps:GlobalID>
<TopoftheSouthMaps:Shape>
<gml:Point>
<gml:coordinates>173.2926640002587','-41.27834699075148',''),
</gml:Point>
</TopoftheSouthMaps:Shape>
</TopoftheSouthMaps:Recreation_-_Places_Of_Interest>
</gml:featureMember>
<gml:featureMember>
<TopoftheSouthMaps:Recreation_-_Places_Of_Interest fid="F5645__732">
<TopoftheSouthMaps:OBJECTID>732</TopoftheSouthMaps:OBJECTID>
<TopoftheSouthMaps:Type>Open Orchard</TopoftheSouthMaps:Type>
('Mount Street','','','
<TopoftheSouthMaps:WebLinks>
http://www.nelsoncitycouncil.co.nz/growing-food-at-home/
</TopoftheSouthMaps:WebLinks>
<TopoftheSouthMaps:Council>Nelson City Council</TopoftheSouthMaps:Council>
<TopoftheSouthMaps:AdditionalInformation>Apple</TopoftheSouthMaps:AdditionalInformation>
<TopoftheSouthMaps:GlobalID>{BD9AD448-F27B-4C91-9F7F-D11EE9E94CCE}</TopoftheSouthMaps:GlobalID>
<TopoftheSouthMaps:Shape>
<gml:Point>
<gml:coordinates>173.27644300008396','-41.279727991001032',''),
</gml:Point>
</TopoftheSouthMaps:Shape>
</TopoftheSouthMaps:Recreation_-_Places_Of_Interest>
</gml:featureMember>
<gml:featureMember>
<TopoftheSouthMaps:Recreation_-_Places_Of_Interest fid="F5645__733">
<TopoftheSouthMaps:OBJECTID>733</TopoftheSouthMaps:OBJECTID>
<TopoftheSouthMaps:Type>Open Orchard</TopoftheSouthMaps:Type>
('Bronte Street','','','
<TopoftheSouthMaps:WebLinks>
http://www.nelsoncitycouncil.co.nz/growing-food-at-home/
</TopoftheSouthMaps:WebLinks>
<TopoftheSouthMaps:Council>Nelson City Council</TopoftheSouthMaps:Council>
<TopoftheSouthMaps:AdditionalInformation>6 Feijoas</TopoftheSouthMaps:AdditionalInformation>
<TopoftheSouthMaps:GlobalID>{4748F5A2-8E22-4966-896C-ACF017294D2D}</TopoftheSouthMaps:GlobalID>
<TopoftheSouthMaps:Shape>
<gml:Point>
<gml:coordinates>173.28482999960647','-41.279871000752472',''),
</gml:Point>
</TopoftheSouthMaps:Shape>
</TopoftheSouthMaps:Recreation_-_Places_Of_Interest>
</gml:featureMember>
<gml:featureMember>
<TopoftheSouthMaps:Recreation_-_Places_Of_Interest fid="F5645__734">
<TopoftheSouthMaps:OBJECTID>734</TopoftheSouthMaps:OBJECTID>
<TopoftheSouthMaps:Type>Open Orchard</TopoftheSouthMaps:Type>
('Waimea Road','','','
<TopoftheSouthMaps:WebLinks>
http://www.nelsoncitycouncil.co.nz/growing-food-at-home/
</TopoftheSouthMaps:WebLinks>
<TopoftheSouthMaps:Council>Nelson City Council</TopoftheSouthMaps:Council>
<TopoftheSouthMaps:AdditionalInformation>4 Loquats</TopoftheSouthMaps:AdditionalInformation>
<TopoftheSouthMaps:GlobalID>{4EC0BBC6-4348-4DBC-B59F-B0FEA7C1E3E8}</TopoftheSouthMaps:GlobalID>
<TopoftheSouthMaps:Shape>
<gml:Point>
<gml:coordinates>173.28482999960647','-41.279871000752472',''),
</gml:Point>
</TopoftheSouthMaps:Shape>
</TopoftheSouthMaps:Recreation_-_Places_Of_Interest>
</gml:featureMember>
<gml:featureMember>
<TopoftheSouthMaps:Recreation_-_Places_Of_Interest fid="F5645__735">
<TopoftheSouthMaps:OBJECTID>735</TopoftheSouthMaps:OBJECTID>
<TopoftheSouthMaps:Type>Open Orchard</TopoftheSouthMaps:Type>
('Bronte Street','','','
<TopoftheSouthMaps:WebLinks>
http://www.nelsoncitycouncil.co.nz/growing-food-at-home/
</TopoftheSouthMaps:WebLinks>
<TopoftheSouthMaps:Council>Nelson City Council</TopoftheSouthMaps:Council>
<TopoftheSouthMaps:AdditionalInformation>6 Feijoas</TopoftheSouthMaps:AdditionalInformation>
<TopoftheSouthMaps:GlobalID>{AE579286-5643-44FB-9A2F-DB718F7F5728}</TopoftheSouthMaps:GlobalID>
<TopoftheSouthMaps:Shape>
<gml:Point>
<gml:coordinates>173.28483600026539','-41.279872991039205',''),
</gml:Point>
</TopoftheSouthMaps:Shape>
</TopoftheSouthMaps:Recreation_-_Places_Of_Interest>
</gml:featureMember>
<gml:featureMember>
<TopoftheSouthMaps:Recreation_-_Places_Of_Interest fid="F5645__736">
<TopoftheSouthMaps:OBJECTID>736</TopoftheSouthMaps:OBJECTID>
<TopoftheSouthMaps:Type>Open Orchard</TopoftheSouthMaps:Type>
('Toi Toi Street','','','
<TopoftheSouthMaps:WebLinks>
http://www.nelsoncitycouncil.co.nz/growing-food-at-home/
</TopoftheSouthMaps:WebLinks>
<TopoftheSouthMaps:Council>Nelson City Council</TopoftheSouthMaps:Council>
<TopoftheSouthMaps:AdditionalInformation>Almonds</TopoftheSouthMaps:AdditionalInformation>
<TopoftheSouthMaps:GlobalID>{97A2677D-7E02-4AB4-A625-0DC293642618}</TopoftheSouthMaps:GlobalID>
<TopoftheSouthMaps:Shape>
<gml:Point>
<gml:coordinates>173.26882899019583','-41.280368990828023',''),
</gml:Point>
</TopoftheSouthMaps:Shape>
</TopoftheSouthMaps:Recreation_-_Places_Of_Interest>
</gml:featureMember>
<gml:featureMember>
<TopoftheSouthMaps:Recreation_-_Places_Of_Interest fid="F5645__737">
<TopoftheSouthMaps:OBJECTID>737</TopoftheSouthMaps:OBJECTID>
<TopoftheSouthMaps:Type>Open Orchard</TopoftheSouthMaps:Type>
('Brougham Street','','','
<TopoftheSouthMaps:WebLinks>
http://www.nelsoncitycouncil.co.nz/growing-food-at-home/
</TopoftheSouthMaps:WebLinks>
<TopoftheSouthMaps:Council>Nelson City Council</TopoftheSouthMaps:Council>
<TopoftheSouthMaps:AdditionalInformation>Loquat</TopoftheSouthMaps:AdditionalInformation>
<TopoftheSouthMaps:GlobalID>{1903A810-D92B-4DD4-8F32-053BEA913A74}</TopoftheSouthMaps:GlobalID>
<TopoftheSouthMaps:Shape>
<gml:Point>
<gml:coordinates>173.28659199964025','-41.281668000933394',''),
</gml:Point>
</TopoftheSouthMaps:Shape>
</TopoftheSouthMaps:Recreation_-_Places_Of_Interest>
</gml:featureMember>
<gml:featureMember>
<TopoftheSouthMaps:Recreation_-_Places_Of_Interest fid="F5645__738">
<TopoftheSouthMaps:OBJECTID>738</TopoftheSouthMaps:OBJECTID>
<TopoftheSouthMaps:Type>Open Orchard</TopoftheSouthMaps:Type>
('Brougham Street','','','
<TopoftheSouthMaps:WebLinks>
http://www.nelsoncitycouncil.co.nz/growing-food-at-home/
</TopoftheSouthMaps:WebLinks>
<TopoftheSouthMaps:Council>Nelson City Council</TopoftheSouthMaps:Council>
<TopoftheSouthMaps:AdditionalInformation>Plum</TopoftheSouthMaps:AdditionalInformation>
<TopoftheSouthMaps:GlobalID>{C3049C7A-B2D9-4DD2-B959-2299DA0AD787}</TopoftheSouthMaps:GlobalID>
<TopoftheSouthMaps:Shape>
<gml:Point>
<gml:coordinates>173.28733799026398','-41.281688990580932',''),
</gml:Point>
</TopoftheSouthMaps:Shape>
</TopoftheSouthMaps:Recreation_-_Places_Of_Interest>
</gml:featureMember>
<gml:featureMember>
<TopoftheSouthMaps:Recreation_-_Places_Of_Interest fid="F5645__739">
<TopoftheSouthMaps:OBJECTID>739</TopoftheSouthMaps:OBJECTID>
<TopoftheSouthMaps:Type>Open Orchard</TopoftheSouthMaps:Type>
('Victory Open Orchard','','','
<TopoftheSouthMaps:WebLinks>
http://www.nelsoncitycouncil.co.nz/growing-food-at-home/
</TopoftheSouthMaps:WebLinks>
<TopoftheSouthMaps:Council>Nelson City Council</TopoftheSouthMaps:Council>
<TopoftheSouthMaps:AdditionalInformation>15 Almond And Apple</TopoftheSouthMaps:AdditionalInformation>
<TopoftheSouthMaps:GlobalID>{036CAFA8-6927-4EBA-804E-5C424FBFFD52}</TopoftheSouthMaps:GlobalID>
<TopoftheSouthMaps:Shape>
<gml:Point>
<gml:coordinates>173.26709747318876','-41.283708266504561',''),
</gml:Point>
</TopoftheSouthMaps:Shape>
</TopoftheSouthMaps:Recreation_-_Places_Of_Interest>
</gml:featureMember>
<gml:featureMember>
<TopoftheSouthMaps:Recreation_-_Places_Of_Interest fid="F5645__740">
<TopoftheSouthMaps:OBJECTID>740</TopoftheSouthMaps:OBJECTID>
<TopoftheSouthMaps:Type>Open Orchard</TopoftheSouthMaps:Type>
('Open Orchard','','','
<TopoftheSouthMaps:WebLinks>
http://www.nelsoncitycouncil.co.nz/growing-food-at-home/
</TopoftheSouthMaps:WebLinks>
<TopoftheSouthMaps:Council>Nelson City Council</TopoftheSouthMaps:Council>
<TopoftheSouthMaps:AdditionalInformation>2 Olives</TopoftheSouthMaps:AdditionalInformation>
<TopoftheSouthMaps:GlobalID>{857AA176-CF3C-43B0-B166-C4879F769DA9}</TopoftheSouthMaps:GlobalID>
<TopoftheSouthMaps:Shape>
<gml:Point>
<gml:coordinates>173.24220298986828','-41.283870990719571',''),
</gml:Point>
</TopoftheSouthMaps:Shape>
</TopoftheSouthMaps:Recreation_-_Places_Of_Interest>
</gml:featureMember>
<gml:featureMember>
<TopoftheSouthMaps:Recreation_-_Places_Of_Interest fid="F5645__741">
<TopoftheSouthMaps:OBJECTID>741</TopoftheSouthMaps:OBJECTID>
<TopoftheSouthMaps:Type>Open Orchard</TopoftheSouthMaps:Type>
('Victory Community Garden','','','
<TopoftheSouthMaps:WebLinks>
http://www.nelsoncitycouncil.co.nz/growing-food-at-home/
</TopoftheSouthMaps:WebLinks>
<TopoftheSouthMaps:Council>Nelson City Council</TopoftheSouthMaps:Council>
<TopoftheSouthMaps:AdditionalInformation>Fig Feijoa And Hazelnut</TopoftheSouthMaps:AdditionalInformation>
<TopoftheSouthMaps:GlobalID>{0AC155ED-A127-4896-8279-13832D49F5C5}</TopoftheSouthMaps:GlobalID>
<TopoftheSouthMaps:Shape>
<gml:Point>
<gml:coordinates>173.26770000050215','-41.283935990724785',''),
</gml:Point>
</TopoftheSouthMaps:Shape>
</TopoftheSouthMaps:Recreation_-_Places_Of_Interest>
</gml:featureMember>
<gml:featureMember>
<TopoftheSouthMaps:Recreation_-_Places_Of_Interest fid="F5645__742">
<TopoftheSouthMaps:OBJECTID>742</TopoftheSouthMaps:OBJECTID>
<TopoftheSouthMaps:Type>Open Orchard</TopoftheSouthMaps:Type>
('Fairfield House Open Orchard','','','
<TopoftheSouthMaps:WebLinks>
http://www.nelsoncitycouncil.co.nz/growing-food-at-home/
</TopoftheSouthMaps:WebLinks>
<TopoftheSouthMaps:Council>Nelson City Council</TopoftheSouthMaps:Council>
<TopoftheSouthMaps:AdditionalInformation>Fig Feijoa Citrus</TopoftheSouthMaps:AdditionalInformation>
<TopoftheSouthMaps:GlobalID>{1AD0A3DD-3357-4F15-94AE-9139FF0B94A6}</TopoftheSouthMaps:GlobalID>
<TopoftheSouthMaps:Shape>
<gml:Point>
<gml:coordinates>173.28387500048862','-41.28401899134014',''),
</gml:Point>
</TopoftheSouthMaps:Shape>
</TopoftheSouthMaps:Recreation_-_Places_Of_Interest>
</gml:featureMember>
<gml:featureMember>
<TopoftheSouthMaps:Recreation_-_Places_Of_Interest fid="F5645__743">
<TopoftheSouthMaps:OBJECTID>743</TopoftheSouthMaps:OBJECTID>
<TopoftheSouthMaps:Type>Open Orchard</TopoftheSouthMaps:Type>
('MaitaiValley Road','','','
<TopoftheSouthMaps:WebLinks>
http://www.nelsoncitycouncil.co.nz/growing-food-at-home/
</TopoftheSouthMaps:WebLinks>
<TopoftheSouthMaps:Council>Nelson City Council</TopoftheSouthMaps:Council>
<TopoftheSouthMaps:AdditionalInformation>Watercress</TopoftheSouthMaps:AdditionalInformation>
<TopoftheSouthMaps:GlobalID>{8AD3FD5F-757A-40E5-88AD-B8D275F3848E}</TopoftheSouthMaps:GlobalID>
<TopoftheSouthMaps:Shape>
<gml:Point>
<gml:coordinates>173.33149699013015','-41.284110990719128',''),
</gml:Point>
</TopoftheSouthMaps:Shape>
</TopoftheSouthMaps:Recreation_-_Places_Of_Interest>
</gml:featureMember>
<gml:featureMember>
<TopoftheSouthMaps:Recreation_-_Places_Of_Interest fid="F5645__744">
<TopoftheSouthMaps:OBJECTID>744</TopoftheSouthMaps:OBJECTID>
<TopoftheSouthMaps:Type>Open Orchard</TopoftheSouthMaps:Type>
('Victory Community Gardens','','','
<TopoftheSouthMaps:WebLinks>
http://www.nelsoncitycouncil.co.nz/growing-food-at-home/
</TopoftheSouthMaps:WebLinks>
<TopoftheSouthMaps:Council>Nelson City Council</TopoftheSouthMaps:Council>
<TopoftheSouthMaps:AdditionalInformation>Plums, Figs, Apples And Almonds</TopoftheSouthMaps:AdditionalInformation>
<TopoftheSouthMaps:GlobalID>{2B2E26B0-0F70-4A8F-85BD-83F5C76D4AAB}</TopoftheSouthMaps:GlobalID>
<TopoftheSouthMaps:Shape>
<gml:Point>
<gml:coordinates>173.26745200045374','-41.28419000104536',''),
</gml:Point>
</TopoftheSouthMaps:Shape>
</TopoftheSouthMaps:Recreation_-_Places_Of_Interest>
</gml:featureMember>
<gml:featureMember>
<TopoftheSouthMaps:Recreation_-_Places_Of_Interest fid="F5645__745">
<TopoftheSouthMaps:OBJECTID>745</TopoftheSouthMaps:OBJECTID>
<TopoftheSouthMaps:Type>Open Orchard</TopoftheSouthMaps:Type>
('Grampians/Endeavour Street Open Orchard','','','
<TopoftheSouthMaps:WebLinks>
http://www.nelsoncitycouncil.co.nz/growing-food-at-home/
</TopoftheSouthMaps:WebLinks>
<TopoftheSouthMaps:Council>Nelson City Council</TopoftheSouthMaps:Council>
<TopoftheSouthMaps:AdditionalInformation>Plums, Quince, Hazelnuts</TopoftheSouthMaps:AdditionalInformation>
<TopoftheSouthMaps:GlobalID>{A46A6057-6E49-4A3B-AFFE-4EB07959BE21}</TopoftheSouthMaps:GlobalID>
<TopoftheSouthMaps:Shape>
<gml:Point>
<gml:coordinates>173.28355399997093','-41.285289990824587',''),
</gml:Point>
</TopoftheSouthMaps:Shape>
</TopoftheSouthMaps:Recreation_-_Places_Of_Interest>
</gml:featureMember>
<gml:featureMember>
<TopoftheSouthMaps:Recreation_-_Places_Of_Interest fid="F5645__746">
<TopoftheSouthMaps:OBJECTID>746</TopoftheSouthMaps:OBJECTID>
<TopoftheSouthMaps:Type>Open Orchard</TopoftheSouthMaps:Type>
('Murphy Street Open Orchard','','','
<TopoftheSouthMaps:WebLinks>
http://www.nelsoncitycouncil.co.nz/growing-food-at-home/
</TopoftheSouthMaps:WebLinks>
<TopoftheSouthMaps:Council>Nelson City Council</TopoftheSouthMaps:Council>
<TopoftheSouthMaps:AdditionalInformation>40 Plus Trees Including Feijoas And Nut Trees</TopoftheSouthMaps:AdditionalInformation>
<TopoftheSouthMaps:GlobalID>{9596FA6E-FC18-4A94-82E7-2994432B8198}</TopoftheSouthMaps:GlobalID>
<TopoftheSouthMaps:Shape>
<gml:Point>
<gml:coordinates>173.26385699999133','-41.285377000752632',''),
</gml:Point>
</TopoftheSouthMaps:Shape>
</TopoftheSouthMaps:Recreation_-_Places_Of_Interest>
</gml:featureMember>
<gml:featureMember>
<TopoftheSouthMaps:Recreation_-_Places_Of_Interest fid="F5645__747">
<TopoftheSouthMaps:OBJECTID>747</TopoftheSouthMaps:OBJECTID>
<TopoftheSouthMaps:Type>Open Orchard</TopoftheSouthMaps:Type>
('Open Orchard','','','
<TopoftheSouthMaps:WebLinks>
http://www.nelsoncitycouncil.co.nz/growing-food-at-home/
</TopoftheSouthMaps:WebLinks>
<TopoftheSouthMaps:Council>Nelson City Council</TopoftheSouthMaps:Council>
<TopoftheSouthMaps:AdditionalInformation>Feijoas And Apples</TopoftheSouthMaps:AdditionalInformation>
<TopoftheSouthMaps:GlobalID>{AD80E0D8-0C38-40EE-AE27-5DDC67F2057C}</TopoftheSouthMaps:GlobalID>
<TopoftheSouthMaps:Shape>
<gml:Point>
<gml:coordinates>173.24552900019987','-41.286384990721722',''),
</gml:Point>
</TopoftheSouthMaps:Shape>
</TopoftheSouthMaps:Recreation_-_Places_Of_Interest>
</gml:featureMember>
<gml:featureMember>
<TopoftheSouthMaps:Recreation_-_Places_Of_Interest fid="F5645__748">
<TopoftheSouthMaps:OBJECTID>748</TopoftheSouthMaps:OBJECTID>
<TopoftheSouthMaps:Type>Open Orchard</TopoftheSouthMaps:Type>
('Open Orchard','','','
<TopoftheSouthMaps:WebLinks>
http://www.nelsoncitycouncil.co.nz/growing-food-at-home/
</TopoftheSouthMaps:WebLinks>
<TopoftheSouthMaps:Council>Nelson City Council</TopoftheSouthMaps:Council>
<TopoftheSouthMaps:AdditionalInformation>Golden Peach</TopoftheSouthMaps:AdditionalInformation>
<TopoftheSouthMaps:GlobalID>{EE7BE170-1F0D-4C5A-B8FB-65E94E0DF174}</TopoftheSouthMaps:GlobalID>
<TopoftheSouthMaps:Shape>
<gml:Point>
<gml:coordinates>173.29176305995887','-41.290193981039465',''),
</gml:Point>
</TopoftheSouthMaps:Shape>
</TopoftheSouthMaps:Recreation_-_Places_Of_Interest>
</gml:featureMember>
<gml:featureMember>
<TopoftheSouthMaps:Recreation_-_Places_Of_Interest fid="F5645__749">
<TopoftheSouthMaps:OBJECTID>749</TopoftheSouthMaps:OBJECTID>
<TopoftheSouthMaps:Type>Open Orchard</TopoftheSouthMaps:Type>
('Westbrook Terrace','','','
<TopoftheSouthMaps:WebLinks>
http://www.nelsoncitycouncil.co.nz/growing-food-at-home/
</TopoftheSouthMaps:WebLinks>
<TopoftheSouthMaps:Council>Nelson City Council</TopoftheSouthMaps:Council>
<TopoftheSouthMaps:AdditionalInformation>Plum</TopoftheSouthMaps:AdditionalInformation>
<TopoftheSouthMaps:GlobalID>{4C77D7F5-FC01-40C9-A201-817ED88722D8}</TopoftheSouthMaps:GlobalID>
<TopoftheSouthMaps:Shape>
<gml:Point>
<gml:coordinates>173.29165598989957','-41.290343991186816',''),
</gml:Point>
</TopoftheSouthMaps:Shape>
</TopoftheSouthMaps:Recreation_-_Places_Of_Interest>
</gml:featureMember>
<gml:featureMember>
<TopoftheSouthMaps:Recreation_-_Places_Of_Interest fid="F5645__750">
<TopoftheSouthMaps:OBJECTID>750</TopoftheSouthMaps:OBJECTID>
<TopoftheSouthMaps:Type>Open Orchard</TopoftheSouthMaps:Type>
('Brook Street','','','
<TopoftheSouthMaps:WebLinks>
http://www.nelsoncitycouncil.co.nz/growing-food-at-home/
</TopoftheSouthMaps:WebLinks>
<TopoftheSouthMaps:Council>Nelson City Council</TopoftheSouthMaps:Council>
<TopoftheSouthMaps:AdditionalInformation>Walnut</TopoftheSouthMaps:AdditionalInformation>
<TopoftheSouthMaps:GlobalID>{38F51241-4354-48B6-A0B0-0E275C620C40}</TopoftheSouthMaps:GlobalID>
<TopoftheSouthMaps:Shape>
<gml:Point>
<gml:coordinates>173.29236919988182','-41.290576901078168',''),
</gml:Point>
</TopoftheSouthMaps:Shape>
</TopoftheSouthMaps:Recreation_-_Places_Of_Interest>
</gml:featureMember>
<gml:featureMember>
<TopoftheSouthMaps:Recreation_-_Places_Of_Interest fid="F5645__751">
<TopoftheSouthMaps:OBJECTID>751</TopoftheSouthMaps:OBJECTID>
<TopoftheSouthMaps:Type>Open Orchard</TopoftheSouthMaps:Type>
('Open Orchard','','','
<TopoftheSouthMaps:WebLinks>
http://www.nelsoncitycouncil.co.nz/growing-food-at-home/
</TopoftheSouthMaps:WebLinks>
<TopoftheSouthMaps:Council>Nelson City Council</TopoftheSouthMaps:Council>
<TopoftheSouthMaps:AdditionalInformation>Plum</TopoftheSouthMaps:AdditionalInformation>
<TopoftheSouthMaps:GlobalID>{D792776A-2078-4F60-A1E3-4851AFA2EA4C}</TopoftheSouthMaps:GlobalID>
<TopoftheSouthMaps:Shape>
<gml:Point>
<gml:coordinates>173.29188500038944','-41.290690990802872',''),
</gml:Point>
</TopoftheSouthMaps:Shape>
</TopoftheSouthMaps:Recreation_-_Places_Of_Interest>
</gml:featureMember>
<gml:featureMember>
<TopoftheSouthMaps:Recreation_-_Places_Of_Interest fid="F5645__752">
<TopoftheSouthMaps:OBJECTID>752</TopoftheSouthMaps:OBJECTID>
<TopoftheSouthMaps:Type>Open Orchard</TopoftheSouthMaps:Type>
('Open Orchard','','','
<TopoftheSouthMaps:WebLinks>
http://www.nelsoncitycouncil.co.nz/growing-food-at-home/
</TopoftheSouthMaps:WebLinks>
<TopoftheSouthMaps:Council>Nelson City Council</TopoftheSouthMaps:Council>
<TopoftheSouthMaps:AdditionalInformation>Plums</TopoftheSouthMaps:AdditionalInformation>
<TopoftheSouthMaps:GlobalID>{5B39DA35-B3E5-4460-9C21-1ACC0BDCCD00}</TopoftheSouthMaps:GlobalID>
<TopoftheSouthMaps:Shape>
<gml:Point>
<gml:coordinates>173.26585399003181','-41.290957991219159',''),
</gml:Point>
</TopoftheSouthMaps:Shape>
</TopoftheSouthMaps:Recreation_-_Places_Of_Interest>
</gml:featureMember>
<gml:featureMember>
<TopoftheSouthMaps:Recreation_-_Places_Of_Interest fid="F5645__753">
<TopoftheSouthMaps:OBJECTID>753</TopoftheSouthMaps:OBJECTID>
<TopoftheSouthMaps:Type>Open Orchard</TopoftheSouthMaps:Type>
('Brook Road Open Orchard','','','
<TopoftheSouthMaps:WebLinks>
http://www.nelsoncitycouncil.co.nz/growing-food-at-home/
</TopoftheSouthMaps:WebLinks>
<TopoftheSouthMaps:Council>Nelson City Council</TopoftheSouthMaps:Council>
<TopoftheSouthMaps:AdditionalInformation>Walnut, Feijoas Chestnut, Apples, Olives</TopoftheSouthMaps:AdditionalInformation>
<TopoftheSouthMaps:GlobalID>{DCE84788-BD64-4484-B425-6FF317C714EE}</TopoftheSouthMaps:GlobalID>
<TopoftheSouthMaps:Shape>
<gml:Point>
<gml:coordinates>173.28849099954161','-41.292213000580951',''),
</gml:Point>
</TopoftheSouthMaps:Shape>
</TopoftheSouthMaps:Recreation_-_Places_Of_Interest>
</gml:featureMember>
<gml:featureMember>
<TopoftheSouthMaps:Recreation_-_Places_Of_Interest fid="F5645__754">
<TopoftheSouthMaps:OBJECTID>754</TopoftheSouthMaps:OBJECTID>
<TopoftheSouthMaps:Type>Open Orchard</TopoftheSouthMaps:Type>
('Grampians/ Tukuka Street Open Orchard','','','
<TopoftheSouthMaps:WebLinks>
http://www.nelsoncitycouncil.co.nz/growing-food-at-home/
</TopoftheSouthMaps:WebLinks>
<TopoftheSouthMaps:Council>Nelson City Council</TopoftheSouthMaps:Council>
<TopoftheSouthMaps:AdditionalInformation>Figs Apples Feijoas Locquats And Plums</TopoftheSouthMaps:AdditionalInformation>
<TopoftheSouthMaps:GlobalID>{C6B7DB11-1727-4617-B732-444A9C639475}</TopoftheSouthMaps:GlobalID>
<TopoftheSouthMaps:Shape>
<gml:Point>
<gml:coordinates>173.27551299017961','-41.292373990607011',''),
</gml:Point>
</TopoftheSouthMaps:Shape>
</TopoftheSouthMaps:Recreation_-_Places_Of_Interest>
</gml:featureMember>
<gml:featureMember>
<TopoftheSouthMaps:Recreation_-_Places_Of_Interest fid="F5645__755">
<TopoftheSouthMaps:OBJECTID>755</TopoftheSouthMaps:OBJECTID>
<TopoftheSouthMaps:Type>Open Orchard</TopoftheSouthMaps:Type>
('Waimarama Community Gardens','','','
<TopoftheSouthMaps:WebLinks>
http://www.nelsoncitycouncil.co.nz/growing-food-at-home/
</TopoftheSouthMaps:WebLinks>
<TopoftheSouthMaps:Council>Nelson City Council</TopoftheSouthMaps:Council>
<TopoftheSouthMaps:AdditionalInformation>Demonstration Community Gardens</TopoftheSouthMaps:AdditionalInformation>
<TopoftheSouthMaps:GlobalID>{353C3FC3-FD71-4B1E-819E-4A5BB1B0ED9C}</TopoftheSouthMaps:GlobalID>
<TopoftheSouthMaps:Shape>
<gml:Point>
<gml:coordinates>173.29878800018648','-41.294259001154678',''),
</gml:Point>
</TopoftheSouthMaps:Shape>
</TopoftheSouthMaps:Recreation_-_Places_Of_Interest>
</gml:featureMember>
<gml:featureMember>
<TopoftheSouthMaps:Recreation_-_Places_Of_Interest fid="F5645__756">
<TopoftheSouthMaps:OBJECTID>756</TopoftheSouthMaps:OBJECTID>
<TopoftheSouthMaps:Type>Open Orchard</TopoftheSouthMaps:Type>
('Blackwood Street','','','
<TopoftheSouthMaps:WebLinks>
http://www.nelsoncitycouncil.co.nz/growing-food-at-home/
</TopoftheSouthMaps:WebLinks>
<TopoftheSouthMaps:Council>Nelson City Council</TopoftheSouthMaps:Council>
<TopoftheSouthMaps:AdditionalInformation>Peach</TopoftheSouthMaps:AdditionalInformation>
<TopoftheSouthMaps:GlobalID>{6344810D-D15E-42C7-92C8-33D3E94DB912}</TopoftheSouthMaps:GlobalID>
<TopoftheSouthMaps:Shape>
<gml:Point>
<gml:coordinates>173.2453000003083','-41.295253990754077',''),
</gml:Point>
</TopoftheSouthMaps:Shape>
</TopoftheSouthMaps:Recreation_-_Places_Of_Interest>
</gml:featureMember>
<gml:featureMember>
<TopoftheSouthMaps:Recreation_-_Places_Of_Interest fid="F5645__757">
<TopoftheSouthMaps:OBJECTID>757</TopoftheSouthMaps:OBJECTID>
<TopoftheSouthMaps:Type>Open Orchard</TopoftheSouthMaps:Type>
('Douglas Road','','','
<TopoftheSouthMaps:WebLinks>
http://www.nelsoncitycouncil.co.nz/growing-food-at-home/
</TopoftheSouthMaps:WebLinks>
<TopoftheSouthMaps:Council>Nelson City Council</TopoftheSouthMaps:Council>
<TopoftheSouthMaps:AdditionalInformation>Purple Hazelnuts!</TopoftheSouthMaps:AdditionalInformation>
<TopoftheSouthMaps:GlobalID>{CC9B7214-377E-4D93-902B-3F307A3E3AEA}</TopoftheSouthMaps:GlobalID>
<TopoftheSouthMaps:Shape>
<gml:Point>
<gml:coordinates>173.24955699029027','-41.295970991087735',''),
</gml:Point>
</TopoftheSouthMaps:Shape>
</TopoftheSouthMaps:Recreation_-_Places_Of_Interest>
</gml:featureMember>
<gml:featureMember>
<TopoftheSouthMaps:Recreation_-_Places_Of_Interest fid="F5645__758">
<TopoftheSouthMaps:OBJECTID>758</TopoftheSouthMaps:OBJECTID>
<TopoftheSouthMaps:Type>Open Orchard</TopoftheSouthMaps:Type>
('Nelson Airport','','','
<TopoftheSouthMaps:WebLinks>
http://www.nelsoncitycouncil.co.nz/growing-food-at-home/
</TopoftheSouthMaps:WebLinks>
<TopoftheSouthMaps:Council>Nelson City Council</TopoftheSouthMaps:Council>
<TopoftheSouthMaps:AdditionalInformation>Strawberry Dogwood</TopoftheSouthMaps:AdditionalInformation>
<TopoftheSouthMaps:GlobalID>{A3913D47-9F25-4B62-A124-4E5FD85E83E2}</TopoftheSouthMaps:GlobalID>
<TopoftheSouthMaps:Shape>
<gml:Point>
<gml:coordinates>173.23182699017926','-41.296088991009597',''),
</gml:Point>
</TopoftheSouthMaps:Shape>
</TopoftheSouthMaps:Recreation_-_Places_Of_Interest>
</gml:featureMember>
<gml:featureMember>
<TopoftheSouthMaps:Recreation_-_Places_Of_Interest fid="F5645__759">
<TopoftheSouthMaps:OBJECTID>759</TopoftheSouthMaps:OBJECTID>
<TopoftheSouthMaps:Type>Open Orchard</TopoftheSouthMaps:Type>
('Nelson Airport','','','
<TopoftheSouthMaps:WebLinks>
http://www.nelsoncitycouncil.co.nz/growing-food-at-home/
</TopoftheSouthMaps:WebLinks>
<TopoftheSouthMaps:Council>Nelson City Council</TopoftheSouthMaps:Council>
<TopoftheSouthMaps:AdditionalInformation>Plum</TopoftheSouthMaps:AdditionalInformation>
<TopoftheSouthMaps:GlobalID>{93ABCCA2-B2EF-4EFD-8B42-B1CB0486B380}</TopoftheSouthMaps:GlobalID>
<TopoftheSouthMaps:Shape>
<gml:Point>
<gml:coordinates>173.23095699013379','-41.296752990597177',''),
</gml:Point>
</TopoftheSouthMaps:Shape>
</TopoftheSouthMaps:Recreation_-_Places_Of_Interest>
</gml:featureMember>
<gml:featureMember>
<TopoftheSouthMaps:Recreation_-_Places_Of_Interest fid="F5645__760">
<TopoftheSouthMaps:OBJECTID>760</TopoftheSouthMaps:OBJECTID>
<TopoftheSouthMaps:Type>Open Orchard</TopoftheSouthMaps:Type>
('Open Orchard','','','
<TopoftheSouthMaps:WebLinks>
http://www.nelsoncitycouncil.co.nz/growing-food-at-home/
</TopoftheSouthMaps:WebLinks>
<TopoftheSouthMaps:Council>Nelson City Council</TopoftheSouthMaps:Council>
<TopoftheSouthMaps:AdditionalInformation>Plum</TopoftheSouthMaps:AdditionalInformation>
<TopoftheSouthMaps:GlobalID>{5EC22B5A-3ACA-4B6E-8F7C-953D9C56A5C7}</TopoftheSouthMaps:GlobalID>
<TopoftheSouthMaps:Shape>
<gml:Point>
<gml:coordinates>173.22850000010817','-41.296992991016339',''),
</gml:Point>
</TopoftheSouthMaps:Shape>
</TopoftheSouthMaps:Recreation_-_Places_Of_Interest>
</gml:featureMember>
<gml:featureMember>
<TopoftheSouthMaps:Recreation_-_Places_Of_Interest fid="F5645__761">
<TopoftheSouthMaps:OBJECTID>761</TopoftheSouthMaps:OBJECTID>
<TopoftheSouthMaps:Type>Open Orchard</TopoftheSouthMaps:Type>
('Annesbroook Drive','','','
<TopoftheSouthMaps:WebLinks>
http://www.nelsoncitycouncil.co.nz/growing-food-at-home/
</TopoftheSouthMaps:WebLinks>
<TopoftheSouthMaps:Council>Nelson City Council</TopoftheSouthMaps:Council>
<TopoftheSouthMaps:AdditionalInformation>Plum</TopoftheSouthMaps:AdditionalInformation>
<TopoftheSouthMaps:GlobalID>{98C898A4-D0BF-45E8-84E8-BB3039DE7018}</TopoftheSouthMaps:GlobalID>
<TopoftheSouthMaps:Shape>
<gml:Point>
<gml:coordinates>173.24468999998004','-41.297378990801654',''),
</gml:Point>
</TopoftheSouthMaps:Shape>
</TopoftheSouthMaps:Recreation_-_Places_Of_Interest>
</gml:featureMember>
<gml:featureMember>
<TopoftheSouthMaps:Recreation_-_Places_Of_Interest fid="F5645__762">
<TopoftheSouthMaps:OBJECTID>762</TopoftheSouthMaps:OBJECTID>
<TopoftheSouthMaps:Type>Open Orchard</TopoftheSouthMaps:Type>
('Airport','','','
<TopoftheSouthMaps:WebLinks>
http://www.nelsoncitycouncil.co.nz/growing-food-at-home/
</TopoftheSouthMaps:WebLinks>
<TopoftheSouthMaps:Council>Nelson City Council</TopoftheSouthMaps:Council>
<TopoftheSouthMaps:AdditionalInformation>2 Pine Nuts</TopoftheSouthMaps:AdditionalInformation>
<TopoftheSouthMaps:GlobalID>{F60A370E-537B-42B8-91F9-3F879E590D70}</TopoftheSouthMaps:GlobalID>
<TopoftheSouthMaps:Shape>
<gml:Point>
<gml:coordinates>173.22838799948261','-41.299363000503625',''),
</gml:Point>
</TopoftheSouthMaps:Shape>
</TopoftheSouthMaps:Recreation_-_Places_Of_Interest>
</gml:featureMember>
<gml:featureMember>
<TopoftheSouthMaps:Recreation_-_Places_Of_Interest fid="F5645__763">
<TopoftheSouthMaps:OBJECTID>763</TopoftheSouthMaps:OBJECTID>
<TopoftheSouthMaps:Type>Open Orchard</TopoftheSouthMaps:Type>
('Wakatu Drive Cycleway','','','
<TopoftheSouthMaps:WebLinks>
http://www.nelsoncitycouncil.co.nz/growing-food-at-home/
</TopoftheSouthMaps:WebLinks>
<TopoftheSouthMaps:Council>Nelson City Council</TopoftheSouthMaps:Council>
<TopoftheSouthMaps:AdditionalInformation>Watercress</TopoftheSouthMaps:AdditionalInformation>
<TopoftheSouthMaps:GlobalID>{68D08ABF-832D-43F6-9877-BFF506A032ED}</TopoftheSouthMaps:GlobalID>
<TopoftheSouthMaps:Shape>
<gml:Point>
<gml:coordinates>173.23265099000042','-41.301684990619492',''),
</gml:Point>
</TopoftheSouthMaps:Shape>
</TopoftheSouthMaps:Recreation_-_Places_Of_Interest>
</gml:featureMember>
<gml:featureMember>
<TopoftheSouthMaps:Recreation_-_Places_Of_Interest fid="F5645__764">
<TopoftheSouthMaps:OBJECTID>764</TopoftheSouthMaps:OBJECTID>
<TopoftheSouthMaps:Type>Open Orchard</TopoftheSouthMaps:Type>
('Stoke Railway Reserve','','','
<TopoftheSouthMaps:WebLinks>
http://www.nelsoncitycouncil.co.nz/growing-food-at-home/
</TopoftheSouthMaps:WebLinks>
<TopoftheSouthMaps:Council>Nelson City Council</TopoftheSouthMaps:Council>
<TopoftheSouthMaps:AdditionalInformation>3 Plum</TopoftheSouthMaps:AdditionalInformation>
<TopoftheSouthMaps:GlobalID>{70AFCD8B-F7C1-4F86-9896-CC955DDEF252}</TopoftheSouthMaps:GlobalID>
<TopoftheSouthMaps:Shape>
<gml:Point>
<gml:coordinates>173.23829700005564','-41.304358991371139',''),
</gml:Point>
</TopoftheSouthMaps:Shape>
</TopoftheSouthMaps:Recreation_-_Places_Of_Interest>
</gml:featureMember>
<gml:featureMember>
<TopoftheSouthMaps:Recreation_-_Places_Of_Interest fid="F5645__765">
<TopoftheSouthMaps:OBJECTID>765</TopoftheSouthMaps:OBJECTID>
<TopoftheSouthMaps:Type>Open Orchard</TopoftheSouthMaps:Type>
('Enner Glynn Open Orchard','','','
<TopoftheSouthMaps:WebLinks>
http://www.nelsoncitycouncil.co.nz/growing-food-at-home/
</TopoftheSouthMaps:WebLinks>
<TopoftheSouthMaps:Council>Nelson City Council</TopoftheSouthMaps:Council>
<TopoftheSouthMaps:AdditionalInformation>3 Apple Trees</TopoftheSouthMaps:AdditionalInformation>
<TopoftheSouthMaps:GlobalID>{A470EF46-81EC-44C2-A2D5-A9445146BDF8}</TopoftheSouthMaps:GlobalID>
<TopoftheSouthMaps:Shape>
<gml:Point>
<gml:coordinates>173.25379899997253','-41.304828990880139',''),
</gml:Point>
</TopoftheSouthMaps:Shape>
</TopoftheSouthMaps:Recreation_-_Places_Of_Interest>
</gml:featureMember>
<gml:featureMember>
<TopoftheSouthMaps:Recreation_-_Places_Of_Interest fid="F5645__766">
<TopoftheSouthMaps:OBJECTID>766</TopoftheSouthMaps:OBJECTID>
<TopoftheSouthMaps:Type>Open Orchard</TopoftheSouthMaps:Type>
('Enner Glynn Open Orchard','','','
<TopoftheSouthMaps:WebLinks>
http://www.nelsoncitycouncil.co.nz/growing-food-at-home/
</TopoftheSouthMaps:WebLinks>
<TopoftheSouthMaps:Council>Nelson City Council</TopoftheSouthMaps:Council>
<TopoftheSouthMaps:AdditionalInformation>1 Lemon And 9 Feijoa</TopoftheSouthMaps:AdditionalInformation>
<TopoftheSouthMaps:GlobalID>{6B2830F7-D525-445D-A49F-DD7CEF205B5A}</TopoftheSouthMaps:GlobalID>
<TopoftheSouthMaps:Shape>
<gml:Point>
<gml:coordinates>173.25457799003146','-41.304999990725847',''),
</gml:Point>
</TopoftheSouthMaps:Shape>
</TopoftheSouthMaps:Recreation_-_Places_Of_Interest>
</gml:featureMember>
<gml:featureMember>
<TopoftheSouthMaps:Recreation_-_Places_Of_Interest fid="F5645__767">
<TopoftheSouthMaps:OBJECTID>767</TopoftheSouthMaps:OBJECTID>
<TopoftheSouthMaps:Type>Open Orchard</TopoftheSouthMaps:Type>
('Enner Glynn Open Orchard','','','
<TopoftheSouthMaps:WebLinks>
http://www.nelsoncitycouncil.co.nz/growing-food-at-home/
</TopoftheSouthMaps:WebLinks>
<TopoftheSouthMaps:Council>Nelson City Council</TopoftheSouthMaps:Council>
<TopoftheSouthMaps:AdditionalInformation>2 Blenheim Orange Apple Trees</TopoftheSouthMaps:AdditionalInformation>
<TopoftheSouthMaps:GlobalID>{6A6244E1-A5BB-4893-B4AD-18A9979B0F60}</TopoftheSouthMaps:GlobalID>
<TopoftheSouthMaps:Shape>
<gml:Point>
<gml:coordinates>173.25361600000952','-41.305018991115858',''),
</gml:Point>
</TopoftheSouthMaps:Shape>
</TopoftheSouthMaps:Recreation_-_Places_Of_Interest>
</gml:featureMember>
<gml:featureMember>
<TopoftheSouthMaps:Recreation_-_Places_Of_Interest fid="F5645__768">
<TopoftheSouthMaps:OBJECTID>768</TopoftheSouthMaps:OBJECTID>
<TopoftheSouthMaps:Type>Open Orchard</TopoftheSouthMaps:Type>
('Enner Glynn Open Orchard','','','
<TopoftheSouthMaps:WebLinks>
http://www.nelsoncitycouncil.co.nz/growing-food-at-home/
</TopoftheSouthMaps:WebLinks>
<TopoftheSouthMaps:Council>Nelson City Council</TopoftheSouthMaps:Council>
<TopoftheSouthMaps:AdditionalInformation>1 Pear 3 Apples</TopoftheSouthMaps:AdditionalInformation>
<TopoftheSouthMaps:GlobalID>{CB33A1DC-52CD-4D92-B370-8E8472AFC45F}</TopoftheSouthMaps:GlobalID>
<TopoftheSouthMaps:Shape>
<gml:Point>
<gml:coordinates>173.25465400045883','-41.30549599100906',''),
</gml:Point>
</TopoftheSouthMaps:Shape>
</TopoftheSouthMaps:Recreation_-_Places_Of_Interest>
</gml:featureMember>
<gml:featureMember>
<TopoftheSouthMaps:Recreation_-_Places_Of_Interest fid="F5645__769">
<TopoftheSouthMaps:OBJECTID>769</TopoftheSouthMaps:OBJECTID>
<TopoftheSouthMaps:Type>Open Orchard</TopoftheSouthMaps:Type>
('Enner Glynn Open Orchard','','','
<TopoftheSouthMaps:WebLinks>
http://www.nelsoncitycouncil.co.nz/growing-food-at-home/
</TopoftheSouthMaps:WebLinks>
<TopoftheSouthMaps:Council>Nelson City Council</TopoftheSouthMaps:Council>
<TopoftheSouthMaps:AdditionalInformation>Calamondin In A Planter</TopoftheSouthMaps:AdditionalInformation>
<TopoftheSouthMaps:GlobalID>{34D1D75B-F882-49F5-8D43-095AB53C8870}</TopoftheSouthMaps:GlobalID>
<TopoftheSouthMaps:Shape>
<gml:Point>
<gml:coordinates>173.25399800045645','-41.305538001343791',''),
</gml:Point>
</TopoftheSouthMaps:Shape>
</TopoftheSouthMaps:Recreation_-_Places_Of_Interest>
</gml:featureMember>
<gml:featureMember>
<TopoftheSouthMaps:Recreation_-_Places_Of_Interest fid="F5645__770">
<TopoftheSouthMaps:OBJECTID>770</TopoftheSouthMaps:OBJECTID>
<TopoftheSouthMaps:Type>Open Orchard</TopoftheSouthMaps:Type>
('State Highway 6','','','
<TopoftheSouthMaps:WebLinks>
http://www.nelsoncitycouncil.co.nz/growing-food-at-home/
</TopoftheSouthMaps:WebLinks>
<TopoftheSouthMaps:Council>Marlborough District Council</TopoftheSouthMaps:Council>
<TopoftheSouthMaps:AdditionalInformation>Chestnuts</TopoftheSouthMaps:AdditionalInformation>
<TopoftheSouthMaps:GlobalID>{AA63C9C6-C6F5-4D9D-B49D-83C94188FC04}</TopoftheSouthMaps:GlobalID>
<TopoftheSouthMaps:Shape>
<gml:Point>
<gml:coordinates>173.58123798978048','-41.305667990970306',''),
</gml:Point>
</TopoftheSouthMaps:Shape>
</TopoftheSouthMaps:Recreation_-_Places_Of_Interest>
</gml:featureMember>
<gml:featureMember>
<TopoftheSouthMaps:Recreation_-_Places_Of_Interest fid="F5645__771">
<TopoftheSouthMaps:OBJECTID>771</TopoftheSouthMaps:OBJECTID>
<TopoftheSouthMaps:Type>Open Orchard</TopoftheSouthMaps:Type>
('Railway Reserve','','','
<TopoftheSouthMaps:WebLinks>
http://www.nelsoncitycouncil.co.nz/growing-food-at-home/
</TopoftheSouthMaps:WebLinks>
<TopoftheSouthMaps:Council>Nelson City Council</TopoftheSouthMaps:Council>
<TopoftheSouthMaps:AdditionalInformation>Plum</TopoftheSouthMaps:AdditionalInformation>
<TopoftheSouthMaps:GlobalID>{FFC98082-1501-4AD3-BB4B-08E93B16EC0F}</TopoftheSouthMaps:GlobalID>
<TopoftheSouthMaps:Shape>
<gml:Point>
<gml:coordinates>173.23544300022022','-41.307212991038256',''),
</gml:Point>
</TopoftheSouthMaps:Shape>
</TopoftheSouthMaps:Recreation_-_Places_Of_Interest>
</gml:featureMember>
<gml:featureMember>
<TopoftheSouthMaps:Recreation_-_Places_Of_Interest fid="F5645__772">
<TopoftheSouthMaps:OBJECTID>772</TopoftheSouthMaps:OBJECTID>
<TopoftheSouthMaps:Type>Open Orchard</TopoftheSouthMaps:Type>
('Open Orchard','','','
<TopoftheSouthMaps:WebLinks>
http://www.nelsoncitycouncil.co.nz/growing-food-at-home/
</TopoftheSouthMaps:WebLinks>
<TopoftheSouthMaps:Council>Nelson City Council</TopoftheSouthMaps:Council>
<TopoftheSouthMaps:AdditionalInformation>Watercress</TopoftheSouthMaps:AdditionalInformation>
<TopoftheSouthMaps:GlobalID>{E0CBB2F7-D579-4315-882F-B547F481806C}</TopoftheSouthMaps:GlobalID>
<TopoftheSouthMaps:Shape>
<gml:Point>
<gml:coordinates>173.21650699040055','-41.311774990510933',''),
</gml:Point>
</TopoftheSouthMaps:Shape>
</TopoftheSouthMaps:Recreation_-_Places_Of_Interest>
</gml:featureMember>
<gml:featureMember>
<TopoftheSouthMaps:Recreation_-_Places_Of_Interest fid="F5645__773">
<TopoftheSouthMaps:OBJECTID>773</TopoftheSouthMaps:OBJECTID>
<TopoftheSouthMaps:Type>Open Orchard</TopoftheSouthMaps:Type>
('Isel Park','','','
<TopoftheSouthMaps:WebLinks>
http://www.nelsoncitycouncil.co.nz/growing-food-at-home/
</TopoftheSouthMaps:WebLinks>
<TopoftheSouthMaps:Council>Nelson City Council</TopoftheSouthMaps:Council>
<TopoftheSouthMaps:AdditionalInformation>Persimmon</TopoftheSouthMaps:AdditionalInformation>
<TopoftheSouthMaps:GlobalID>{3BD4CC6C-36C7-4554-8C7F-0A4E868C45DB}</TopoftheSouthMaps:GlobalID>
<TopoftheSouthMaps:Shape>
<gml:Point>
<gml:coordinates>173.24069199007468','-41.312781991300064',''),
</gml:Point>
</TopoftheSouthMaps:Shape>
</TopoftheSouthMaps:Recreation_-_Places_Of_Interest>
</gml:featureMember>
<gml:featureMember>
<TopoftheSouthMaps:Recreation_-_Places_Of_Interest fid="F5645__774">
<TopoftheSouthMaps:OBJECTID>774</TopoftheSouthMaps:OBJECTID>
<TopoftheSouthMaps:Type>Open Orchard</TopoftheSouthMaps:Type>
('Isel Park','','','
<TopoftheSouthMaps:WebLinks>
http://www.nelsoncitycouncil.co.nz/growing-food-at-home/
</TopoftheSouthMaps:WebLinks>
<TopoftheSouthMaps:Council>Nelson City Council</TopoftheSouthMaps:Council>
<TopoftheSouthMaps:AdditionalInformation>Bananas</TopoftheSouthMaps:AdditionalInformation>
<TopoftheSouthMaps:GlobalID>{D9D21953-B9C8-4BB4-A03D-8E03E5B4619A}</TopoftheSouthMaps:GlobalID>
<TopoftheSouthMaps:Shape>
<gml:Point>
<gml:coordinates>173.24122600035611','-41.313079990693602',''),
</gml:Point>
</TopoftheSouthMaps:Shape>
</TopoftheSouthMaps:Recreation_-_Places_Of_Interest>
</gml:featureMember>
<gml:featureMember>
<TopoftheSouthMaps:Recreation_-_Places_Of_Interest fid="F5645__775">
<TopoftheSouthMaps:OBJECTID>775</TopoftheSouthMaps:OBJECTID>
<TopoftheSouthMaps:Type>Open Orchard</TopoftheSouthMaps:Type>
('Railway Reserve','','','
<TopoftheSouthMaps:WebLinks>
http://www.nelsoncitycouncil.co.nz/growing-food-at-home/
</TopoftheSouthMaps:WebLinks>
<TopoftheSouthMaps:Council>Nelson City Council</TopoftheSouthMaps:Council>
<TopoftheSouthMaps:AdditionalInformation>12 Apples Along Fence</TopoftheSouthMaps:AdditionalInformation>
<TopoftheSouthMaps:GlobalID>{D7DC3118-07A1-4461-8CDC-682BF7DCEFED}</TopoftheSouthMaps:GlobalID>
<TopoftheSouthMaps:Shape>
<gml:Point>
<gml:coordinates>173.22921800016562','-41.313582990964299',''),
</gml:Point>
</TopoftheSouthMaps:Shape>
</TopoftheSouthMaps:Recreation_-_Places_Of_Interest>
</gml:featureMember>
<gml:featureMember>
<TopoftheSouthMaps:Recreation_-_Places_Of_Interest fid="F5645__776">
<TopoftheSouthMaps:OBJECTID>776</TopoftheSouthMaps:OBJECTID>
<TopoftheSouthMaps:Type>Open Orchard</TopoftheSouthMaps:Type>
('Ranui Reserve Open Orchard','','','
<TopoftheSouthMaps:WebLinks>
http://www.nelsoncitycouncil.co.nz/growing-food-at-home/
</TopoftheSouthMaps:WebLinks>
<TopoftheSouthMaps:Council>Nelson City Council</TopoftheSouthMaps:Council>
<TopoftheSouthMaps:AdditionalInformation>Blackcurrants Feijoas Figs Strawberries And Citrus</TopoftheSouthMaps:AdditionalInformation>
<TopoftheSouthMaps:GlobalID>{E880DF7B-95BC-4399-B9DD-04777886E5A7}</TopoftheSouthMaps:GlobalID>
<TopoftheSouthMaps:Shape>
<gml:Point>
<gml:coordinates>173.23436400047697','-41.316134000652603',''),
</gml:Point>
</TopoftheSouthMaps:Shape>
</TopoftheSouthMaps:Recreation_-_Places_Of_Interest>
</gml:featureMember>
<gml:featureMember>
<TopoftheSouthMaps:Recreation_-_Places_Of_Interest fid="F5645__777">
<TopoftheSouthMaps:OBJECTID>777</TopoftheSouthMaps:OBJECTID>
<TopoftheSouthMaps:Type>Open Orchard</TopoftheSouthMaps:Type>
('Open Orchard','','','
<TopoftheSouthMaps:WebLinks>
http://www.nelsoncitycouncil.co.nz/growing-food-at-home/
</TopoftheSouthMaps:WebLinks>
<TopoftheSouthMaps:Council>Nelson City Council</TopoftheSouthMaps:Council>
<TopoftheSouthMaps:AdditionalInformation>Fig</TopoftheSouthMaps:AdditionalInformation>
<TopoftheSouthMaps:GlobalID>{7035ED05-81EB-4B77-B98B-3FF8045CB495}</TopoftheSouthMaps:GlobalID>
<TopoftheSouthMaps:Shape>
<gml:Point>
<gml:coordinates>173.22518900031972','-41.316947991340705',''),
</gml:Point>
</TopoftheSouthMaps:Shape>
</TopoftheSouthMaps:Recreation_-_Places_Of_Interest>
</gml:featureMember>
<gml:featureMember>
<TopoftheSouthMaps:Recreation_-_Places_Of_Interest fid="F5645__778">
<TopoftheSouthMaps:OBJECTID>778</TopoftheSouthMaps:OBJECTID>
<TopoftheSouthMaps:Type>Open Orchard</TopoftheSouthMaps:Type>
('Railway Reserve','','','
<TopoftheSouthMaps:WebLinks>
http://www.nelsoncitycouncil.co.nz/growing-food-at-home/
</TopoftheSouthMaps:WebLinks>
<TopoftheSouthMaps:Council>Nelson City Council</TopoftheSouthMaps:Council>
<TopoftheSouthMaps:AdditionalInformation>Fig</TopoftheSouthMaps:AdditionalInformation>
<TopoftheSouthMaps:GlobalID>{AA885A34-940F-47EC-ACE5-53F48B834C7F}</TopoftheSouthMaps:GlobalID>
<TopoftheSouthMaps:Shape>
<gml:Point>
<gml:coordinates>173.22524200059107','-41.316983000684544',''),
</gml:Point>
</TopoftheSouthMaps:Shape>
</TopoftheSouthMaps:Recreation_-_Places_Of_Interest>
</gml:featureMember>
<gml:featureMember>
<TopoftheSouthMaps:Recreation_-_Places_Of_Interest fid="F5645__779">
<TopoftheSouthMaps:OBJECTID>779</TopoftheSouthMaps:OBJECTID>
<TopoftheSouthMaps:Type>Open Orchard</TopoftheSouthMaps:Type>
('Manson Ave Open Orchard','','','
<TopoftheSouthMaps:WebLinks>
http://www.nelsoncitycouncil.co.nz/growing-food-at-home/
</TopoftheSouthMaps:WebLinks>
<TopoftheSouthMaps:Council>Nelson City Council</TopoftheSouthMaps:Council>
<TopoftheSouthMaps:AdditionalInformation>9 Feijoas 5 Figs 4 Citrus 6 Hazelnuts</TopoftheSouthMaps:AdditionalInformation>
<TopoftheSouthMaps:GlobalID>{FDC25C3C-01FB-4C56-AC69-7CE013204468}</TopoftheSouthMaps:GlobalID>
<TopoftheSouthMaps:Shape>
<gml:Point>
<gml:coordinates>173.22819500010374','-41.320624990567119',''),
</gml:Point>
</TopoftheSouthMaps:Shape>
</TopoftheSouthMaps:Recreation_-_Places_Of_Interest>
</gml:featureMember>
<gml:featureMember>
<TopoftheSouthMaps:Recreation_-_Places_Of_Interest fid="F5645__780">
<TopoftheSouthMaps:OBJECTID>780</TopoftheSouthMaps:OBJECTID>
<TopoftheSouthMaps:Type>Open Orchard</TopoftheSouthMaps:Type>
('Open Orchard','','','
<TopoftheSouthMaps:WebLinks>
http://www.nelsoncitycouncil.co.nz/growing-food-at-home/
</TopoftheSouthMaps:WebLinks>
<TopoftheSouthMaps:Council>Nelson City Council</TopoftheSouthMaps:Council>
<TopoftheSouthMaps:AdditionalInformation>Feijoas</TopoftheSouthMaps:AdditionalInformation>
<TopoftheSouthMaps:GlobalID>{7AD77F58-CDD1-4842-A9F0-36E805999283}</TopoftheSouthMaps:GlobalID>
<TopoftheSouthMaps:Shape>
<gml:Point>
<gml:coordinates>173.21656799039667','-41.322925991380082',''),
</gml:Point>
</TopoftheSouthMaps:Shape>
</TopoftheSouthMaps:Recreation_-_Places_Of_Interest>
</gml:featureMember>
<gml:featureMember>
<TopoftheSouthMaps:Recreation_-_Places_Of_Interest fid="F5645__781">
<TopoftheSouthMaps:OBJECTID>781</TopoftheSouthMaps:OBJECTID>
<TopoftheSouthMaps:Type>Open Orchard</TopoftheSouthMaps:Type>
('Orphanage Creek Walkway','','','
<TopoftheSouthMaps:WebLinks>
http://www.nelsoncitycouncil.co.nz/growing-food-at-home/
</TopoftheSouthMaps:WebLinks>
<TopoftheSouthMaps:Council>Nelson City Council</TopoftheSouthMaps:Council>
<TopoftheSouthMaps:AdditionalInformation>Feijoas And Olives</TopoftheSouthMaps:AdditionalInformation>
<TopoftheSouthMaps:GlobalID>{5FDDE079-E98D-40CD-9171-CFB8D91678A7}</TopoftheSouthMaps:GlobalID>
<TopoftheSouthMaps:Shape>
<gml:Point>
<gml:coordinates>173.22749299012946','-41.323344990729844',''),
</gml:Point>
</TopoftheSouthMaps:Shape>
</TopoftheSouthMaps:Recreation_-_Places_Of_Interest>
</gml:featureMember>
<gml:featureMember>
<TopoftheSouthMaps:Recreation_-_Places_Of_Interest fid="F5645__782">
<TopoftheSouthMaps:OBJECTID>782</TopoftheSouthMaps:OBJECTID>
<TopoftheSouthMaps:Type>Open Orchard</TopoftheSouthMaps:Type>
('Railway Reserve Stoke','','','
<TopoftheSouthMaps:WebLinks>
http://www.nelsoncitycouncil.co.nz/growing-food-at-home/
</TopoftheSouthMaps:WebLinks>
<TopoftheSouthMaps:Council>Nelson City Council</TopoftheSouthMaps:Council>
<TopoftheSouthMaps:AdditionalInformation>Fig And Plum</TopoftheSouthMaps:AdditionalInformation>
<TopoftheSouthMaps:GlobalID>{27F00A6B-C3E7-406C-B71E-A2570395D3A6}</TopoftheSouthMaps:GlobalID>
<TopoftheSouthMaps:Shape>
<gml:Point>
<gml:coordinates>173.2153779899283','-41.323604990703117',''),
</gml:Point>
</TopoftheSouthMaps:Shape>
</TopoftheSouthMaps:Recreation_-_Places_Of_Interest>
</gml:featureMember>
<gml:featureMember>
<TopoftheSouthMaps:Recreation_-_Places_Of_Interest fid="F5645__783">
<TopoftheSouthMaps:OBJECTID>783</TopoftheSouthMaps:OBJECTID>
<TopoftheSouthMaps:Type>Open Orchard</TopoftheSouthMaps:Type>
('Maitai Walkway Girlies Hole','','','
<TopoftheSouthMaps:WebLinks>
http://www.nelsoncitycouncil.co.nz/growing-food-at-home/
</TopoftheSouthMaps:WebLinks>
<TopoftheSouthMaps:Council>Nelson City Council</TopoftheSouthMaps:Council>
<TopoftheSouthMaps:AdditionalInformation>Loquat</TopoftheSouthMaps:AdditionalInformation>
<TopoftheSouthMaps:GlobalID>{670673D7-C207-4772-B7B2-0B0879F4E446}</TopoftheSouthMaps:GlobalID>
<TopoftheSouthMaps:Shape>
<gml:Point>
<gml:coordinates>173.2149960005284','-41.323844990490713',''),
</gml:Point>
</TopoftheSouthMaps:Shape>
</TopoftheSouthMaps:Recreation_-_Places_Of_Interest>
</gml:featureMember>
<gml:featureMember>
<TopoftheSouthMaps:Recreation_-_Places_Of_Interest fid="F5645__784">
<TopoftheSouthMaps:OBJECTID>784</TopoftheSouthMaps:OBJECTID>
<TopoftheSouthMaps:Type>Open Orchard</TopoftheSouthMaps:Type>
('Railway Reserve Stoke','','','
<TopoftheSouthMaps:WebLinks>
http://www.nelsoncitycouncil.co.nz/growing-food-at-home/
</TopoftheSouthMaps:WebLinks>
<TopoftheSouthMaps:Council>Nelson City Council</TopoftheSouthMaps:Council>
<TopoftheSouthMaps:AdditionalInformation>Feijoas</TopoftheSouthMaps:AdditionalInformation>
<TopoftheSouthMaps:GlobalID>{15C16722-74B0-4956-A120-37E8A27832C7}</TopoftheSouthMaps:GlobalID>
<TopoftheSouthMaps:Shape>
<gml:Point>
<gml:coordinates>173.22431899017658','-41.324031991338714',''),
</gml:Point>
</TopoftheSouthMaps:Shape>
</TopoftheSouthMaps:Recreation_-_Places_Of_Interest>
</gml:featureMember>
<gml:featureMember>
<TopoftheSouthMaps:Recreation_-_Places_Of_Interest fid="F5645__785">
<TopoftheSouthMaps:OBJECTID>785</TopoftheSouthMaps:OBJECTID>
<TopoftheSouthMaps:Type>Open Orchard</TopoftheSouthMaps:Type>
('Railway Reserve Stoke','','','
<TopoftheSouthMaps:WebLinks>
http://www.nelsoncitycouncil.co.nz/growing-food-at-home/
</TopoftheSouthMaps:WebLinks>
<TopoftheSouthMaps:Council>Nelson City Council</TopoftheSouthMaps:Council>
<TopoftheSouthMaps:AdditionalInformation>Feijoas</TopoftheSouthMaps:AdditionalInformation>
<TopoftheSouthMaps:GlobalID>{2E500616-42C0-4800-B291-A3AE7F22249E}</TopoftheSouthMaps:GlobalID>
<TopoftheSouthMaps:Shape>
<gml:Point>
<gml:coordinates>173.21431000014485','-41.324248990651562',''),
</gml:Point>
</TopoftheSouthMaps:Shape>
</TopoftheSouthMaps:Recreation_-_Places_Of_Interest>
</gml:featureMember>
<gml:featureMember>
<TopoftheSouthMaps:Recreation_-_Places_Of_Interest fid="F5645__786">
<TopoftheSouthMaps:OBJECTID>786</TopoftheSouthMaps:OBJECTID>
<TopoftheSouthMaps:Type>Open Orchard</TopoftheSouthMaps:Type>
('Wakatu Drive Cycleway','','','
<TopoftheSouthMaps:WebLinks>
http://www.nelsoncitycouncil.co.nz/growing-food-at-home/
</TopoftheSouthMaps:WebLinks>
<TopoftheSouthMaps:Council>Nelson City Council</TopoftheSouthMaps:Council>
<TopoftheSouthMaps:AdditionalInformation>Watercress</TopoftheSouthMaps:AdditionalInformation>
<TopoftheSouthMaps:GlobalID>{BCEB32B4-50DE-497C-9657-43A8AD9E7C55}</TopoftheSouthMaps:GlobalID>
<TopoftheSouthMaps:Shape>
<gml:Point>
<gml:coordinates>173.21023599019586','-41.324698991156957',''),
</gml:Point>
</TopoftheSouthMaps:Shape>
</TopoftheSouthMaps:Recreation_-_Places_Of_Interest>
</gml:featureMember>
<gml:featureMember>
<TopoftheSouthMaps:Recreation_-_Places_Of_Interest fid="F5645__787">
<TopoftheSouthMaps:OBJECTID>787</TopoftheSouthMaps:OBJECTID>
<TopoftheSouthMaps:Type>Open Orchard</TopoftheSouthMaps:Type>
('Open Orchard','','','
<TopoftheSouthMaps:WebLinks>
http://www.nelsoncitycouncil.co.nz/growing-food-at-home/
</TopoftheSouthMaps:WebLinks>
<TopoftheSouthMaps:Council>Nelson City Council</TopoftheSouthMaps:Council>
<TopoftheSouthMaps:AdditionalInformation>6 Feijoas</TopoftheSouthMaps:AdditionalInformation>
<TopoftheSouthMaps:GlobalID>{9E173BB4-036E-4C1A-9F0B-DF13B9E6D5DF}</TopoftheSouthMaps:GlobalID>
<TopoftheSouthMaps:Shape>
<gml:Point>
<gml:coordinates>173.22224398990193','-41.325873990507461',''),
</gml:Point>
</TopoftheSouthMaps:Shape>
</TopoftheSouthMaps:Recreation_-_Places_Of_Interest>
</gml:featureMember>
<gml:featureMember>
<TopoftheSouthMaps:Recreation_-_Places_Of_Interest fid="F5645__788">
<TopoftheSouthMaps:OBJECTID>788</TopoftheSouthMaps:OBJECTID>
<TopoftheSouthMaps:Type>Open Orchard</TopoftheSouthMaps:Type>
('Saxton Field','','','
<TopoftheSouthMaps:WebLinks>
http://www.nelsoncitycouncil.co.nz/growing-food-at-home/
</TopoftheSouthMaps:WebLinks>
<TopoftheSouthMaps:Council>Nelson City Council</TopoftheSouthMaps:Council>
<TopoftheSouthMaps:AdditionalInformation>Feijoas</TopoftheSouthMaps:AdditionalInformation>
<TopoftheSouthMaps:GlobalID>{9BAD0DC3-6592-42E9-9F0D-4C80C82B39F0}</TopoftheSouthMaps:GlobalID>
<TopoftheSouthMaps:Shape>
<gml:Point>
<gml:coordinates>173.21878098989009','-41.32992199076957',''),
</gml:Point>
</TopoftheSouthMaps:Shape>
</TopoftheSouthMaps:Recreation_-_Places_Of_Interest>
</gml:featureMember>
<gml:featureMember>
<TopoftheSouthMaps:Recreation_-_Places_Of_Interest fid="F5645__789">
<TopoftheSouthMaps:OBJECTID>789</TopoftheSouthMaps:OBJECTID>
<TopoftheSouthMaps:Type>Open Orchard</TopoftheSouthMaps:Type>
('Magnolia Place','','','
<TopoftheSouthMaps:WebLinks>
http://www.nelsoncitycouncil.co.nz/growing-food-at-home/
</TopoftheSouthMaps:WebLinks>
<TopoftheSouthMaps:Council>Tasman District Council</TopoftheSouthMaps:Council>
<TopoftheSouthMaps:AdditionalInformation>Watercress</TopoftheSouthMaps:AdditionalInformation>
<TopoftheSouthMaps:GlobalID>{73CCE318-F255-4CA0-8954-9D8E89DFCF3E}</TopoftheSouthMaps:GlobalID>
<TopoftheSouthMaps:Shape>
<gml:Point>
<gml:coordinates>173.20195000006234','-41.336478990560337',''),
</gml:Point>
</TopoftheSouthMaps:Shape>
</TopoftheSouthMaps:Recreation_-_Places_Of_Interest>
</gml:featureMember>
<gml:featureMember>
<TopoftheSouthMaps:Recreation_-_Places_Of_Interest fid="F5645__790">
<TopoftheSouthMaps:OBJECTID>790</TopoftheSouthMaps:OBJECTID>
<TopoftheSouthMaps:Type>Open Orchard</TopoftheSouthMaps:Type>
('Richmond School','','','
<TopoftheSouthMaps:WebLinks>
http://www.nelsoncitycouncil.co.nz/growing-food-at-home/
</TopoftheSouthMaps:WebLinks>
<TopoftheSouthMaps:Council>Tasman District Council</TopoftheSouthMaps:Council>
<TopoftheSouthMaps:AdditionalInformation>Apple</TopoftheSouthMaps:AdditionalInformation>
<TopoftheSouthMaps:GlobalID>{53225BAD-72BE-4035-973D-B5EDA603E7C9}</TopoftheSouthMaps:GlobalID>
<TopoftheSouthMaps:Shape>
<gml:Point>
<gml:coordinates>173.18147300031657','-41.338981990616219',''),
</gml:Point>
</TopoftheSouthMaps:Shape>
</TopoftheSouthMaps:Recreation_-_Places_Of_Interest>
</gml:featureMember>
<gml:featureMember>
<TopoftheSouthMaps:Recreation_-_Places_Of_Interest fid="F5645__791">
<TopoftheSouthMaps:OBJECTID>791</TopoftheSouthMaps:OBJECTID>
<TopoftheSouthMaps:Type>Open Orchard</TopoftheSouthMaps:Type>
('Bellamore Way','','','
<TopoftheSouthMaps:WebLinks>
http://www.nelsoncitycouncil.co.nz/growing-food-at-home/
</TopoftheSouthMaps:WebLinks>
<TopoftheSouthMaps:Council>Tasman District Council</TopoftheSouthMaps:Council>
<TopoftheSouthMaps:AdditionalInformation>Watercress</TopoftheSouthMaps:AdditionalInformation>
<TopoftheSouthMaps:GlobalID>{3D228117-AE25-4CEE-BEB9-287A6349AC2A}</TopoftheSouthMaps:GlobalID>
<TopoftheSouthMaps:Shape>
<gml:Point>
<gml:coordinates>173.20500200005043','-41.33900799118399',''),
</gml:Point>
</TopoftheSouthMaps:Shape>
</TopoftheSouthMaps:Recreation_-_Places_Of_Interest>
</gml:featureMember>
<gml:featureMember>
<TopoftheSouthMaps:Recreation_-_Places_Of_Interest fid="F5645__792">
<TopoftheSouthMaps:OBJECTID>792</TopoftheSouthMaps:OBJECTID>
<TopoftheSouthMaps:Type>Open Orchard</TopoftheSouthMaps:Type>
('Waimea intermediate','','','
<TopoftheSouthMaps:WebLinks>
http://www.nelsoncitycouncil.co.nz/growing-food-at-home/
</TopoftheSouthMaps:WebLinks>
<TopoftheSouthMaps:Council>Tasman District Council</TopoftheSouthMaps:Council>
<TopoftheSouthMaps:AdditionalInformation>Feijoa Citrus Hazelnut</TopoftheSouthMaps:AdditionalInformation>
<TopoftheSouthMaps:GlobalID>{56AECC45-6FA1-47AA-A40D-3EB84D316D5D}</TopoftheSouthMaps:GlobalID>
<TopoftheSouthMaps:Shape>
<gml:Point>
<gml:coordinates>173.19323698986878','-41.339587990718364',''),
</gml:Point>
</TopoftheSouthMaps:Shape>
</TopoftheSouthMaps:Recreation_-_Places_Of_Interest>
</gml:featureMember>
<gml:featureMember>
<TopoftheSouthMaps:Recreation_-_Places_Of_Interest fid="F5645__793">
<TopoftheSouthMaps:OBJECTID>793</TopoftheSouthMaps:OBJECTID>
<TopoftheSouthMaps:Type>Open Orchard</TopoftheSouthMaps:Type>
('Wensley Road','','','
<TopoftheSouthMaps:WebLinks>
http://www.nelsoncitycouncil.co.nz/growing-food-at-home/
</TopoftheSouthMaps:WebLinks>
<TopoftheSouthMaps:Council>Tasman District Council</TopoftheSouthMaps:Council>
<TopoftheSouthMaps:AdditionalInformation>Feijoas And Olives</TopoftheSouthMaps:AdditionalInformation>
<TopoftheSouthMaps:GlobalID>{FCBA5D60-F593-4AEA-86F6-648898F50C06}</TopoftheSouthMaps:GlobalID>
<TopoftheSouthMaps:Shape>
<gml:Point>
<gml:coordinates>173.17787200048681','-41.348720991015149',''),
</gml:Point>
</TopoftheSouthMaps:Shape>
</TopoftheSouthMaps:Recreation_-_Places_Of_Interest>
</gml:featureMember>
<gml:featureMember>
<TopoftheSouthMaps:Recreation_-_Places_Of_Interest fid="F5645__794">
<TopoftheSouthMaps:OBJECTID>794</TopoftheSouthMaps:OBJECTID>
<TopoftheSouthMaps:Type>Open Orchard</TopoftheSouthMaps:Type>
('Ching Park - Endeavour Street','','','
<TopoftheSouthMaps:WebLinks>
http://www.nelsoncitycouncil.co.nz/growing-food-at-home/
</TopoftheSouthMaps:WebLinks>
<TopoftheSouthMaps:Council>Marlborough District Council</TopoftheSouthMaps:Council>
<TopoftheSouthMaps:AdditionalInformation>7 English Walnut Trees</TopoftheSouthMaps:AdditionalInformation>
<TopoftheSouthMaps:GlobalID>{9990BADF-A1D9-47EB-A90B-CBE370E1542F}</TopoftheSouthMaps:GlobalID>
<TopoftheSouthMaps:Shape>
<gml:Point>
<gml:coordinates>173.96357699000424','-41.501529990882311',''),
</gml:Point>
</TopoftheSouthMaps:Shape>
</TopoftheSouthMaps:Recreation_-_Places_Of_Interest>
</gml:featureMember>
<gml:featureMember>
<TopoftheSouthMaps:Recreation_-_Places_Of_Interest fid="F5645__795">
<TopoftheSouthMaps:OBJECTID>795</TopoftheSouthMaps:OBJECTID>
<TopoftheSouthMaps:Type>Open Orchard</TopoftheSouthMaps:Type>
('Marlborough Community Gardens','','','
<TopoftheSouthMaps:WebLinks>
http://www.nelsoncitycouncil.co.nz/growing-food-at-home/
</TopoftheSouthMaps:WebLinks>
<TopoftheSouthMaps:Council>Marlborough District Council</TopoftheSouthMaps:Council>
<TopoftheSouthMaps:AdditionalInformation>Open Orchard Adjacent To Gardens</TopoftheSouthMaps:AdditionalInformation>
<TopoftheSouthMaps:GlobalID>{BA442685-05BE-4A95-99B8-02AC1D68CB83}</TopoftheSouthMaps:GlobalID>
<TopoftheSouthMaps:Shape>
<gml:Point>
<gml:coordinates>173.96876499026638','-41.503192990524767',''),
</gml:Point>
</TopoftheSouthMaps:Shape>
</TopoftheSouthMaps:Recreation_-_Places_Of_Interest>
</gml:featureMember>
<gml:featureMember>
<TopoftheSouthMaps:Recreation_-_Places_Of_Interest fid="F5645__796">
<TopoftheSouthMaps:OBJECTID>796</TopoftheSouthMaps:OBJECTID>
<TopoftheSouthMaps:Type>Open Orchard</TopoftheSouthMaps:Type>
('Fulton Stream - Kingwell Drive','','','
<TopoftheSouthMaps:WebLinks>
http://www.nelsoncitycouncil.co.nz/growing-food-at-home/
</TopoftheSouthMaps:WebLinks>
<TopoftheSouthMaps:Council>Marlborough District Council</TopoftheSouthMaps:Council>
<TopoftheSouthMaps:AdditionalInformation>3 Walnuts 7 Hazelnuts 2 Pistachio</TopoftheSouthMaps:AdditionalInformation>
<TopoftheSouthMaps:GlobalID>{D0CD3ED8-02DE-411E-B907-FDF1B1349F4D}</TopoftheSouthMaps:GlobalID>
<TopoftheSouthMaps:Shape>
<gml:Point>
<gml:coordinates>173.94009400019323','-41.50509599108598',''),
</gml:Point>
</TopoftheSouthMaps:Shape>
</TopoftheSouthMaps:Recreation_-_Places_Of_Interest>
</gml:featureMember>
<gml:featureMember>
<TopoftheSouthMaps:Recreation_-_Places_Of_Interest fid="F5645__797">
<TopoftheSouthMaps:OBJECTID>797</TopoftheSouthMaps:OBJECTID>
<TopoftheSouthMaps:Type>Open Orchard</TopoftheSouthMaps:Type>
('Pollard Park','','','
<TopoftheSouthMaps:WebLinks>
http://www.nelsoncitycouncil.co.nz/growing-food-at-home/
</TopoftheSouthMaps:WebLinks>
<TopoftheSouthMaps:Council>Marlborough District Council</TopoftheSouthMaps:Council>
<TopoftheSouthMaps:AdditionalInformation>4 Apple Trees</TopoftheSouthMaps:AdditionalInformation>
<TopoftheSouthMaps:GlobalID>{60CB9737-4D33-4771-B510-200F8C6B112B}</TopoftheSouthMaps:GlobalID>
<TopoftheSouthMaps:Shape>
<gml:Point>
<gml:coordinates>173.94844100006671','-41.505252990834535',''),
</gml:Point>
</TopoftheSouthMaps:Shape>
</TopoftheSouthMaps:Recreation_-_Places_Of_Interest>
</gml:featureMember>
<gml:featureMember>
<TopoftheSouthMaps:Recreation_-_Places_Of_Interest fid="F5645__798">
<TopoftheSouthMaps:OBJECTID>798</TopoftheSouthMaps:OBJECTID>
<TopoftheSouthMaps:Type>Open Orchard</TopoftheSouthMaps:Type>
('Open Orchard','','','
<TopoftheSouthMaps:WebLinks>
http://www.nelsoncitycouncil.co.nz/growing-food-at-home/
</TopoftheSouthMaps:WebLinks>
<TopoftheSouthMaps:Council>Marlborough District Council</TopoftheSouthMaps:Council>
<TopoftheSouthMaps:AdditionalInformation>Plum Orchard</TopoftheSouthMaps:AdditionalInformation>
<TopoftheSouthMaps:GlobalID>{425B35C6-D729-4503-9660-CEA90A01D2AF}</TopoftheSouthMaps:GlobalID>
<TopoftheSouthMaps:Shape>
<gml:Point>
<gml:coordinates>173.93666099993706','-41.506453991139566',''),
</gml:Point>
</TopoftheSouthMaps:Shape>
</TopoftheSouthMaps:Recreation_-_Places_Of_Interest>
</gml:featureMember>
<gml:featureMember>
<TopoftheSouthMaps:Recreation_-_Places_Of_Interest fid="F5645__799">
<TopoftheSouthMaps:OBJECTID>799</TopoftheSouthMaps:OBJECTID>
<TopoftheSouthMaps:Type>Open Orchard</TopoftheSouthMaps:Type>
('Mckendry Park','','','
<TopoftheSouthMaps:WebLinks>
http://www.nelsoncitycouncil.co.nz/growing-food-at-home/
</TopoftheSouthMaps:WebLinks>
<TopoftheSouthMaps:Council>Marlborough District Council</TopoftheSouthMaps:Council>
<TopoftheSouthMaps:AdditionalInformation>Walnuts Plums Quince</TopoftheSouthMaps:AdditionalInformation>
<TopoftheSouthMaps:GlobalID>{5EC9CDEF-7751-4A0B-BFF8-0188E4F730DC}</TopoftheSouthMaps:GlobalID>
<TopoftheSouthMaps:Shape>
<gml:Point>
<gml:coordinates>173.93560800011403','-41.506644990939336',''),
</gml:Point>
</TopoftheSouthMaps:Shape>
</TopoftheSouthMaps:Recreation_-_Places_Of_Interest>
</gml:featureMember>
<gml:featureMember>
<TopoftheSouthMaps:Recreation_-_Places_Of_Interest fid="F5645__800">
<TopoftheSouthMaps:OBJECTID>800</TopoftheSouthMaps:OBJECTID>
<TopoftheSouthMaps:Type>Open Orchard</TopoftheSouthMaps:Type>
('Gascoigne St Reserve','','','
<TopoftheSouthMaps:WebLinks>
http://www.nelsoncitycouncil.co.nz/growing-food-at-home/
</TopoftheSouthMaps:WebLinks>
<TopoftheSouthMaps:Council>Marlborough District Council</TopoftheSouthMaps:Council>
<TopoftheSouthMaps:AdditionalInformation>1 Walnut 1 Fig</TopoftheSouthMaps:AdditionalInformation>
<TopoftheSouthMaps:GlobalID>{F7023209-E6F1-483A-8028-819E48DD5AF2}</TopoftheSouthMaps:GlobalID>
<TopoftheSouthMaps:Shape>
<gml:Point>
<gml:coordinates>173.96768199989083','-41.509017991012044',''),
</gml:Point>
</TopoftheSouthMaps:Shape>
</TopoftheSouthMaps:Recreation_-_Places_Of_Interest>
</gml:featureMember>
<gml:featureMember>
<TopoftheSouthMaps:Recreation_-_Places_Of_Interest fid="F5645__801">
<TopoftheSouthMaps:OBJECTID>801</TopoftheSouthMaps:OBJECTID>
<TopoftheSouthMaps:Type>Open Orchard</TopoftheSouthMaps:Type>
('Taylor River/Monro Street','','','
<TopoftheSouthMaps:WebLinks>
http://www.nelsoncitycouncil.co.nz/growing-food-at-home/
</TopoftheSouthMaps:WebLinks>
<TopoftheSouthMaps:Council>Marlborough District Council</TopoftheSouthMaps:Council>
<TopoftheSouthMaps:AdditionalInformation>2 Walnuts</TopoftheSouthMaps:AdditionalInformation>
<TopoftheSouthMaps:GlobalID>{34311EDA-1C0D-4C5D-8210-018252C3F476}</TopoftheSouthMaps:GlobalID>
<TopoftheSouthMaps:Shape>
<gml:Point>
<gml:coordinates>173.94389300037545','-41.515555990612562',''),
</gml:Point>
</TopoftheSouthMaps:Shape>
</TopoftheSouthMaps:Recreation_-_Places_Of_Interest>
</gml:featureMember>
<gml:featureMember>
<TopoftheSouthMaps:Recreation_-_Places_Of_Interest fid="F5645__802">
<TopoftheSouthMaps:OBJECTID>802</TopoftheSouthMaps:OBJECTID>
<TopoftheSouthMaps:Type>Open Orchard</TopoftheSouthMaps:Type>
('Athletic Park','','','
<TopoftheSouthMaps:WebLinks>
http://www.nelsoncitycouncil.co.nz/growing-food-at-home/
</TopoftheSouthMaps:WebLinks>
<TopoftheSouthMaps:Council>Marlborough District Council</TopoftheSouthMaps:Council>
<TopoftheSouthMaps:AdditionalInformation>Walnuts Chestnuts Chinese Wingnuts</TopoftheSouthMaps:AdditionalInformation>
<TopoftheSouthMaps:GlobalID>{2890A153-E0D0-4BC9-A0FD-3C30AA61789E}</TopoftheSouthMaps:GlobalID>
<TopoftheSouthMaps:Shape>
<gml:Point>
<gml:coordinates>173.94097899013531','-41.521731990710151',''),
</gml:Point>
</TopoftheSouthMaps:Shape>
</TopoftheSouthMaps:Recreation_-_Places_Of_Interest>
</gml:featureMember>
<gml:featureMember>
<TopoftheSouthMaps:Recreation_-_Places_Of_Interest fid="F5645__803">
<TopoftheSouthMaps:OBJECTID>803</TopoftheSouthMaps:OBJECTID>
<TopoftheSouthMaps:Type>Open Orchard</TopoftheSouthMaps:Type>
('A and P Park','','','
<TopoftheSouthMaps:WebLinks>
http://www.nelsoncitycouncil.co.nz/growing-food-at-home/
</TopoftheSouthMaps:WebLinks>
<TopoftheSouthMaps:Council>Marlborough District Council</TopoftheSouthMaps:Council>
<TopoftheSouthMaps:AdditionalInformation>1 Walnut</TopoftheSouthMaps:AdditionalInformation>
<TopoftheSouthMaps:GlobalID>{40C61F45-182A-4A25-B87A-B8134B36EF67}</TopoftheSouthMaps:GlobalID>
<TopoftheSouthMaps:Shape>
<gml:Point>
<gml:coordinates>173.94807399016523','-41.528369990821759',''),
</gml:Point>
</TopoftheSouthMaps:Shape>
</TopoftheSouthMaps:Recreation_-_Places_Of_Interest>
</gml:featureMember>
<gml:featureMember>
<TopoftheSouthMaps:Recreation_-_Places_Of_Interest fid="F5645__804">
<TopoftheSouthMaps:OBJECTID>804</TopoftheSouthMaps:OBJECTID>
<TopoftheSouthMaps:Type>Open Orchard</TopoftheSouthMaps:Type>
('Redwoodtown Supermarket','','','
<TopoftheSouthMaps:WebLinks>
http://www.nelsoncitycouncil.co.nz/growing-food-at-home/
</TopoftheSouthMaps:WebLinks>
<TopoftheSouthMaps:Council>Marlborough District Council</TopoftheSouthMaps:Council>
<TopoftheSouthMaps:AdditionalInformation>3 Olea Europaea</TopoftheSouthMaps:AdditionalInformation>
<TopoftheSouthMaps:GlobalID>{FBD8E37C-CAFA-41EA-ABFA-C637CE6F0D9C}</TopoftheSouthMaps:GlobalID>
<TopoftheSouthMaps:Shape>
<gml:Point>
<gml:coordinates>173.95483399996755','-41.529258990690238',''),
</gml:Point>
</TopoftheSouthMaps:Shape>
</TopoftheSouthMaps:Recreation_-_Places_Of_Interest>
</gml:featureMember>
<gml:featureMember>
<TopoftheSouthMaps:Recreation_-_Places_Of_Interest fid="F5645__805">
<TopoftheSouthMaps:OBJECTID>805</TopoftheSouthMaps:OBJECTID>
<TopoftheSouthMaps:Type>Open Orchard</TopoftheSouthMaps:Type>
('Wither Hills Buffer Strip','','','
<TopoftheSouthMaps:WebLinks>
http://www.nelsoncitycouncil.co.nz/growing-food-at-home/
</TopoftheSouthMaps:WebLinks>
<TopoftheSouthMaps:Council>Marlborough District Council</TopoftheSouthMaps:Council>
<TopoftheSouthMaps:AdditionalInformation>Various Fruit Trees</TopoftheSouthMaps:AdditionalInformation>
<TopoftheSouthMaps:GlobalID>{8596230E-A208-4A1E-90B2-D33D929E1C15}</TopoftheSouthMaps:GlobalID>
<TopoftheSouthMaps:Shape>
<gml:Point>
<gml:coordinates>173.95883198991706','-41.541831991274591',''),
</gml:Point>
</TopoftheSouthMaps:Shape>
</TopoftheSouthMaps:Recreation_-_Places_Of_Interest>
</gml:featureMember>
<gml:featureMember>
<TopoftheSouthMaps:Recreation_-_Places_Of_Interest fid="F5645__806">
<TopoftheSouthMaps:OBJECTID>806</TopoftheSouthMaps:OBJECTID>
<TopoftheSouthMaps:Type>Open Orchard</TopoftheSouthMaps:Type>
('Faulkland Drive Reserve','','','
<TopoftheSouthMaps:WebLinks>
http://www.nelsoncitycouncil.co.nz/growing-food-at-home/
</TopoftheSouthMaps:WebLinks>
<TopoftheSouthMaps:Council>Marlborough District Council</TopoftheSouthMaps:Council>
<TopoftheSouthMaps:AdditionalInformation>2 Walnuts</TopoftheSouthMaps:AdditionalInformation>
<TopoftheSouthMaps:GlobalID>{21BE37C1-5655-4E9E-BEB5-56AA2BCD3AA6}</TopoftheSouthMaps:GlobalID>
<TopoftheSouthMaps:Shape>
<gml:Point>
<gml:coordinates>173.94242898985974','-41.542205990897521',''),
</gml:Point>
</TopoftheSouthMaps:Shape>
</TopoftheSouthMaps:Recreation_-_Places_Of_Interest>
</gml:featureMember>
<gml:featureMember>
<TopoftheSouthMaps:Recreation_-_Places_Of_Interest fid="F5645__807">
<TopoftheSouthMaps:OBJECTID>807</TopoftheSouthMaps:OBJECTID>
<TopoftheSouthMaps:Type>Open Orchard</TopoftheSouthMaps:Type>
('Cedar Grove Reserve','','','
<TopoftheSouthMaps:WebLinks>
http://www.nelsoncitycouncil.co.nz/growing-food-at-home/
</TopoftheSouthMaps:WebLinks>
<TopoftheSouthMaps:Council>Marlborough District Council</TopoftheSouthMaps:Council>
<TopoftheSouthMaps:AdditionalInformation>2 Walnuts</TopoftheSouthMaps:AdditionalInformation>
<TopoftheSouthMaps:GlobalID>{2F380404-308D-41E8-9375-CDAACFB573EC}</TopoftheSouthMaps:GlobalID>
<TopoftheSouthMaps:Shape>
<gml:Point>
<gml:coordinates>173.9418489901017','-41.542556991261243',''),
</gml:Point>
</TopoftheSouthMaps:Shape>
</TopoftheSouthMaps:Recreation_-_Places_Of_Interest>
</gml:featureMember>
<gml:featureMember>
<TopoftheSouthMaps:Recreation_-_Places_Of_Interest fid="F5645__808">
<TopoftheSouthMaps:OBJECTID>808</TopoftheSouthMaps:OBJECTID>
<TopoftheSouthMaps:Type>Open Orchard</TopoftheSouthMaps:Type>
('Rima Reserve - Hope Drive','','','
<TopoftheSouthMaps:WebLinks>
http://www.nelsoncitycouncil.co.nz/growing-food-at-home/
</TopoftheSouthMaps:WebLinks>
<TopoftheSouthMaps:Council>Marlborough District Council</TopoftheSouthMaps:Council>
<TopoftheSouthMaps:AdditionalInformation>4 Walnuts</TopoftheSouthMaps:AdditionalInformation>
<TopoftheSouthMaps:GlobalID>{115593A9-5A3D-4F02-BDE4-D2E0E9612338}</TopoftheSouthMaps:GlobalID>
<TopoftheSouthMaps:Shape>
<gml:Point>
<gml:coordinates>173.94450400038616','-41.542842990860471',''),
</gml:Point>
</TopoftheSouthMaps:Shape>
</TopoftheSouthMaps:Recreation_-_Places_Of_Interest>
</gml:featureMember>
<gml:featureMember>
<TopoftheSouthMaps:Recreation_-_Places_Of_Interest fid="F5645__809">
<TopoftheSouthMaps:OBJECTID>809</TopoftheSouthMaps:OBJECTID>
<TopoftheSouthMaps:Type>Open Orchard</TopoftheSouthMaps:Type>
('Wither Hills Buffer Strip','','','
<TopoftheSouthMaps:WebLinks>
http://www.nelsoncitycouncil.co.nz/growing-food-at-home/
</TopoftheSouthMaps:WebLinks>
<TopoftheSouthMaps:Council>Marlborough District Council</TopoftheSouthMaps:Council>
<TopoftheSouthMaps:AdditionalInformation>Various Fruit Trees</TopoftheSouthMaps:AdditionalInformation>
<TopoftheSouthMaps:GlobalID>{C5918A9C-8CB1-4087-8A79-A741C5E63978}</TopoftheSouthMaps:GlobalID>
<TopoftheSouthMaps:Shape>
<gml:Point>
<gml:coordinates>173.95623800023407','-41.543170991290424',''),
</gml:Point>
</TopoftheSouthMaps:Shape>
</TopoftheSouthMaps:Recreation_-_Places_Of_Interest>
</gml:featureMember>
<gml:featureMember>
<TopoftheSouthMaps:Recreation_-_Places_Of_Interest fid="F5645__810">
<TopoftheSouthMaps:OBJECTID>810</TopoftheSouthMaps:OBJECTID>
<TopoftheSouthMaps:Type>Open Orchard</TopoftheSouthMaps:Type>
('Wither Hills Buffer Strip','','','
<TopoftheSouthMaps:WebLinks>
http://www.nelsoncitycouncil.co.nz/growing-food-at-home/
</TopoftheSouthMaps:WebLinks>
<TopoftheSouthMaps:Council>Marlborough District Council</TopoftheSouthMaps:Council>
<TopoftheSouthMaps:AdditionalInformation>Various Fruit Trees</TopoftheSouthMaps:AdditionalInformation>
<TopoftheSouthMaps:GlobalID>{C6F3530A-0B67-44FE-962E-05C362EABF17}</TopoftheSouthMaps:GlobalID>
<TopoftheSouthMaps:Shape>
<gml:Point>
<gml:coordinates>173.95259098985139','-41.543330990930329',''),
</gml:Point>
</TopoftheSouthMaps:Shape>
</TopoftheSouthMaps:Recreation_-_Places_Of_Interest>
</gml:featureMember>
<gml:featureMember>
<TopoftheSouthMaps:Recreation_-_Places_Of_Interest fid="F5645__811">
<TopoftheSouthMaps:OBJECTID>811</TopoftheSouthMaps:OBJECTID>
<TopoftheSouthMaps:Type>Open Orchard</TopoftheSouthMaps:Type>
('Open Orchard','','','
<TopoftheSouthMaps:WebLinks>
http://www.nelsoncitycouncil.co.nz/growing-food-at-home/
</TopoftheSouthMaps:WebLinks>
<TopoftheSouthMaps:Council>Nelson City Council</TopoftheSouthMaps:Council>
<TopoftheSouthMaps:AdditionalInformation>Golden Delicious Apple</TopoftheSouthMaps:AdditionalInformation>
<TopoftheSouthMaps:GlobalID>{0BBAE379-1E25-40B7-98B3-82CADE51FBDE}</TopoftheSouthMaps:GlobalID>
<TopoftheSouthMaps:Shape>
<gml:Point>
<gml:coordinates>173.31667799986488','-41.236693991325033',''),
</gml:Point>
</TopoftheSouthMaps:Shape>
</TopoftheSouthMaps:Recreation_-_Places_Of_Interest>
</gml:featureMember>
<gml:featureMember>
<TopoftheSouthMaps:Recreation_-_Places_Of_Interest fid="F5645__812">
<TopoftheSouthMaps:OBJECTID>812</TopoftheSouthMaps:OBJECTID>
<TopoftheSouthMaps:Type>Open Orchard</TopoftheSouthMaps:Type>
('Brook Street','','','
<TopoftheSouthMaps:WebLinks>
http://www.nelsoncitycouncil.co.nz/growing-food-at-home/
</TopoftheSouthMaps:WebLinks>
<TopoftheSouthMaps:Council>Nelson City Council</TopoftheSouthMaps:Council>
<TopoftheSouthMaps:AdditionalInformation>Plum Tree</TopoftheSouthMaps:AdditionalInformation>
<TopoftheSouthMaps:GlobalID>{FD88C558-6FA5-4C55-AF30-35210A064C97}</TopoftheSouthMaps:GlobalID>
<TopoftheSouthMaps:Shape>
<gml:Point>
<gml:coordinates>173.29933780010967','-41.291572990905635',''),
</gml:Point>
</TopoftheSouthMaps:Shape>
</TopoftheSouthMaps:Recreation_-_Places_Of_Interest>
</gml:featureMember>
<gml:featureMember>
<TopoftheSouthMaps:Recreation_-_Places_Of_Interest fid="F5645__813">
<TopoftheSouthMaps:OBJECTID>813</TopoftheSouthMaps:OBJECTID>
<TopoftheSouthMaps:Type>Open Orchard</TopoftheSouthMaps:Type>
('Rutherford Park','','','
<TopoftheSouthMaps:WebLinks>
http://www.nelsoncitycouncil.co.nz/growing-food-at-home/
</TopoftheSouthMaps:WebLinks>
<TopoftheSouthMaps:Council>Nelson City Council</TopoftheSouthMaps:Council>
<TopoftheSouthMaps:AdditionalInformation>Irish Strawberry</TopoftheSouthMaps:AdditionalInformation>
<TopoftheSouthMaps:GlobalID>{6D4E8127-C33B-400E-8418-A2C912B11967}</TopoftheSouthMaps:GlobalID>
<TopoftheSouthMaps:Shape>
<gml:Point>
<gml:coordinates>173.28346527817911','-41.265592673168292',''),
</gml:Point>
</TopoftheSouthMaps:Shape>
</TopoftheSouthMaps:Recreation_-_Places_Of_Interest>
</gml:featureMember>
<gml:featureMember>
<TopoftheSouthMaps:Recreation_-_Places_Of_Interest fid="F5645__814">
<TopoftheSouthMaps:OBJECTID>814</TopoftheSouthMaps:OBJECTID>
<TopoftheSouthMaps:Type>Open Orchard</TopoftheSouthMaps:Type>
('Vanguard Street','','','
<TopoftheSouthMaps:WebLinks>
http://www.nelsoncitycouncil.co.nz/growing-food-at-home/
</TopoftheSouthMaps:WebLinks>
<TopoftheSouthMaps:Council>Nelson City Council</TopoftheSouthMaps:Council>
<TopoftheSouthMaps:AdditionalInformation>Apricot</TopoftheSouthMaps:AdditionalInformation>
<TopoftheSouthMaps:GlobalID>{0127CC7F-0DB8-4842-8056-15D75E60BD1B}</TopoftheSouthMaps:GlobalID>
<TopoftheSouthMaps:Shape>
<gml:Point>
<gml:coordinates>173.27250519360385','-41.280676890425624',''),
</gml:Point>
</TopoftheSouthMaps:Shape>
</TopoftheSouthMaps:Recreation_-_Places_Of_Interest>
</gml:featureMember>
<gml:featureMember>
<TopoftheSouthMaps:Recreation_-_Places_Of_Interest fid="F5645__815">
<TopoftheSouthMaps:OBJECTID>815</TopoftheSouthMaps:OBJECTID>
<TopoftheSouthMaps:Type>Open Orchard</TopoftheSouthMaps:Type>
('Open Orchard','','','
<TopoftheSouthMaps:WebLinks>
http://www.nelsoncitycouncil.co.nz/growing-food-at-home/
</TopoftheSouthMaps:WebLinks>
<TopoftheSouthMaps:Council>Nelson City Council</TopoftheSouthMaps:Council>
<TopoftheSouthMaps:AdditionalInformation>3 Plum</TopoftheSouthMaps:AdditionalInformation>
<TopoftheSouthMaps:GlobalID>{520D79F1-88E2-408F-9AF1-8CCE955A5EA4}</TopoftheSouthMaps:GlobalID>
<TopoftheSouthMaps:Shape>
<gml:Point>
<gml:coordinates>173.26545839298757','-41.290167420143653',''),
</gml:Point>
</TopoftheSouthMaps:Shape>
</TopoftheSouthMaps:Recreation_-_Places_Of_Interest>
</gml:featureMember>
<gml:featureMember>
<TopoftheSouthMaps:Recreation_-_Places_Of_Interest fid="F5645__816">
<TopoftheSouthMaps:OBJECTID>816</TopoftheSouthMaps:OBJECTID>
<TopoftheSouthMaps:Type>Open Orchard</TopoftheSouthMaps:Type>
('Open Orchard','','','
<TopoftheSouthMaps:WebLinks>
http://www.nelsoncitycouncil.co.nz/growing-food-at-home/
</TopoftheSouthMaps:WebLinks>
<TopoftheSouthMaps:Council>Nelson City Council</TopoftheSouthMaps:Council>
<TopoftheSouthMaps:AdditionalInformation>Plum Tree</TopoftheSouthMaps:AdditionalInformation>
<TopoftheSouthMaps:GlobalID>{01D657F3-E3B1-415E-91F3-46D85DDDEF49}</TopoftheSouthMaps:GlobalID>
<TopoftheSouthMaps:Shape>
<gml:Point>
<gml:coordinates>173.26520496161712','-41.291911072577228',''),
</gml:Point>
</TopoftheSouthMaps:Shape>
</TopoftheSouthMaps:Recreation_-_Places_Of_Interest>
</gml:featureMember>
<gml:featureMember>
<TopoftheSouthMaps:Recreation_-_Places_Of_Interest fid="F5645__817">
<TopoftheSouthMaps:OBJECTID>817</TopoftheSouthMaps:OBJECTID>
<TopoftheSouthMaps:Type>Open Orchard</TopoftheSouthMaps:Type>
('Millers Acre','','','
<TopoftheSouthMaps:WebLinks>
http://www.nelsoncitycouncil.co.nz/growing-food-at-home/
</TopoftheSouthMaps:WebLinks>
<TopoftheSouthMaps:Owner/>
<TopoftheSouthMaps:Council>Nelson City Council</TopoftheSouthMaps:Council>
<TopoftheSouthMaps:AdditionalInformation>Orange - Ask At Dentists</TopoftheSouthMaps:AdditionalInformation>
<TopoftheSouthMaps:GlobalID>{06212157-F576-4B25-A042-5BA56B079AEB}</TopoftheSouthMaps:GlobalID>
<TopoftheSouthMaps:Shape>
<gml:Point>
<gml:coordinates>173.28512599006172','-41.270263991123578',''),
</gml:Point>
</TopoftheSouthMaps:Shape>
</TopoftheSouthMaps:Recreation_-_Places_Of_Interest>
</gml:featureMember>
<gml:featureMember>
<TopoftheSouthMaps:Recreation_-_Places_Of_Interest fid="F5645__818">
<TopoftheSouthMaps:OBJECTID>818</TopoftheSouthMaps:OBJECTID>
<TopoftheSouthMaps:Type>Open Orchard</TopoftheSouthMaps:Type>
('Open Orchard','','','
<TopoftheSouthMaps:WebLinks>
http://www.nelsoncitycouncil.co.nz/growing-food-at-home/
</TopoftheSouthMaps:WebLinks>
<TopoftheSouthMaps:Owner>Hospital</TopoftheSouthMaps:Owner>
<TopoftheSouthMaps:Council>Nelson City Council</TopoftheSouthMaps:Council>
<TopoftheSouthMaps:AdditionalInformation>6 Plus Mature Feijoas</TopoftheSouthMaps:AdditionalInformation>
<TopoftheSouthMaps:GlobalID>{BE3EA0A1-7BF8-427B-98DE-02DF439CD6BE}</TopoftheSouthMaps:GlobalID>
<TopoftheSouthMaps:Shape>
<gml:Point>
<gml:coordinates>173.2720490003274','-41.28672399083365',''),
</gml:Point>
</TopoftheSouthMaps:Shape>
</TopoftheSouthMaps:Recreation_-_Places_Of_Interest>
</gml:featureMember>
<gml:featureMember>
<TopoftheSouthMaps:Recreation_-_Places_Of_Interest fid="F5645__819">
<TopoftheSouthMaps:OBJECTID>819</TopoftheSouthMaps:OBJECTID>
<TopoftheSouthMaps:Type>Open Orchard</TopoftheSouthMaps:Type>
('Nelson Hospital','','','
<TopoftheSouthMaps:WebLinks>
http://www.nelsoncitycouncil.co.nz/growing-food-at-home/
</TopoftheSouthMaps:WebLinks>
<TopoftheSouthMaps:Owner>Hospital</TopoftheSouthMaps:Owner>
<TopoftheSouthMaps:Council>Nelson City Council</TopoftheSouthMaps:Council>
<TopoftheSouthMaps:AdditionalInformation>Feijoa</TopoftheSouthMaps:AdditionalInformation>
<TopoftheSouthMaps:GlobalID>{DA6A8486-521F-4322-B089-20E42EB0BDDB}</TopoftheSouthMaps:GlobalID>
<TopoftheSouthMaps:Shape>
<gml:Point>
<gml:coordinates>173.27105699041093','-41.287456991115754',''),
</gml:Point>
</TopoftheSouthMaps:Shape>
</TopoftheSouthMaps:Recreation_-_Places_Of_Interest>
</gml:featureMember>
<gml:featureMember>
<TopoftheSouthMaps:Recreation_-_Places_Of_Interest fid="F5645__820">
<TopoftheSouthMaps:OBJECTID>820</TopoftheSouthMaps:OBJECTID>
<TopoftheSouthMaps:Type>Open Orchard</TopoftheSouthMaps:Type>
('Open Orchard','','','
<TopoftheSouthMaps:WebLinks>
http://www.nelsoncitycouncil.co.nz/growing-food-at-home/
</TopoftheSouthMaps:WebLinks>
<TopoftheSouthMaps:Owner>Hospital</TopoftheSouthMaps:Owner>
<TopoftheSouthMaps:Council>Nelson City Council</TopoftheSouthMaps:Council>
<TopoftheSouthMaps:AdditionalInformation>Orange Grapefruit Mandarin</TopoftheSouthMaps:AdditionalInformation>
<TopoftheSouthMaps:GlobalID>{FB282F9E-4B8C-49FD-93F9-D7CC36692199}</TopoftheSouthMaps:GlobalID>
<TopoftheSouthMaps:Shape>
<gml:Point>
<gml:coordinates>173.27204900008337','-41.287555991296067',''),
</gml:Point>
</TopoftheSouthMaps:Shape>
</TopoftheSouthMaps:Recreation_-_Places_Of_Interest>
</gml:featureMember>
<gml:featureMember>
<TopoftheSouthMaps:Recreation_-_Places_Of_Interest fid="F5645__821">
<TopoftheSouthMaps:OBJECTID>821</TopoftheSouthMaps:OBJECTID>
<TopoftheSouthMaps:Type>Open Orchard</TopoftheSouthMaps:Type>
('Nelson Hospital','','','
<TopoftheSouthMaps:WebLinks>
http://www.nelsoncitycouncil.co.nz/growing-food-at-home/
</TopoftheSouthMaps:WebLinks>
<TopoftheSouthMaps:Owner>Hospital</TopoftheSouthMaps:Owner>
<TopoftheSouthMaps:Council>Nelson City Council</TopoftheSouthMaps:Council>
<TopoftheSouthMaps:AdditionalInformation>Lemon</TopoftheSouthMaps:AdditionalInformation>
<TopoftheSouthMaps:GlobalID>{24E81FAE-B60B-4657-8768-549FBEE667FB}</TopoftheSouthMaps:GlobalID>
<TopoftheSouthMaps:Shape>
<gml:Point>
<gml:coordinates>173.27101100048375','-41.287620991348959',''),
</gml:Point>
</TopoftheSouthMaps:Shape>
</TopoftheSouthMaps:Recreation_-_Places_Of_Interest>
</gml:featureMember>
<gml:featureMember>
<TopoftheSouthMaps:Recreation_-_Places_Of_Interest fid="F5645__822">
<TopoftheSouthMaps:OBJECTID>822</TopoftheSouthMaps:OBJECTID>
<TopoftheSouthMaps:Type>Open Orchard</TopoftheSouthMaps:Type>
('Nelson Hospital Open Orchard','','','
<TopoftheSouthMaps:WebLinks>
http://www.nelsoncitycouncil.co.nz/growing-food-at-home/
</TopoftheSouthMaps:WebLinks>
<TopoftheSouthMaps:Owner>Hospital</TopoftheSouthMaps:Owner>
<TopoftheSouthMaps:Council>Nelson City Council</TopoftheSouthMaps:Council>
<TopoftheSouthMaps:AdditionalInformation>6 Apples Trees</TopoftheSouthMaps:AdditionalInformation>
<TopoftheSouthMaps:GlobalID>{8FE64F34-13D1-4535-A14F-6E28FD17C4DB}</TopoftheSouthMaps:GlobalID>
<TopoftheSouthMaps:Shape>
<gml:Point>
<gml:coordinates>173.27285100001569','-41.288550500767492',''),
</gml:Point>
</TopoftheSouthMaps:Shape>
</TopoftheSouthMaps:Recreation_-_Places_Of_Interest>
</gml:featureMember>
<gml:featureMember>
<TopoftheSouthMaps:Recreation_-_Places_Of_Interest fid="F5645__823">
<TopoftheSouthMaps:OBJECTID>823</TopoftheSouthMaps:OBJECTID>
<TopoftheSouthMaps:Type>Open Orchard</TopoftheSouthMaps:Type>
('Nelson Environment Centre','','','
<TopoftheSouthMaps:WebLinks>
http://www.nelsoncitycouncil.co.nz/growing-food-at-home/
</TopoftheSouthMaps:WebLinks>
<TopoftheSouthMaps:Owner>EcoVillage</TopoftheSouthMaps:Owner>
<TopoftheSouthMaps:Council>Nelson City Council</TopoftheSouthMaps:Council>
<TopoftheSouthMaps:AdditionalInformation>Apple Trees Figs Citrus Guavas And Grapes</TopoftheSouthMaps:AdditionalInformation>
<TopoftheSouthMaps:GlobalID>{5FEEC4B3-43FA-427D-A766-34A01AE5BB2F}</TopoftheSouthMaps:GlobalID>
<TopoftheSouthMaps:Shape>
<gml:Point>
<gml:coordinates>173.27668400047446','-41.28860600106065',''),
</gml:Point>
</TopoftheSouthMaps:Shape>
</TopoftheSouthMaps:Recreation_-_Places_Of_Interest>
</gml:featureMember>
<gml:featureMember>
<TopoftheSouthMaps:Recreation_-_Places_Of_Interest fid="F5645__824">
<TopoftheSouthMaps:OBJECTID>824</TopoftheSouthMaps:OBJECTID>
<TopoftheSouthMaps:Type>Open Orchard</TopoftheSouthMaps:Type>
('Nelson South Kindergarten','','','
<TopoftheSouthMaps:WebLinks>
http://www.nelsoncitycouncil.co.nz/growing-food-at-home/
</TopoftheSouthMaps:WebLinks>
<TopoftheSouthMaps:Owner>Hospital</TopoftheSouthMaps:Owner>
<TopoftheSouthMaps:Council>Nelson City Council</TopoftheSouthMaps:Council>
<TopoftheSouthMaps:AdditionalInformation>Mandarin And 3 Feijoas</TopoftheSouthMaps:AdditionalInformation>
<TopoftheSouthMaps:GlobalID>{F5F49DAC-AEAF-4C91-9E81-5E1254D1A879}</TopoftheSouthMaps:GlobalID>
<TopoftheSouthMaps:Shape>
<gml:Point>
<gml:coordinates>173.26983599016506','-41.290454990766207',''),
</gml:Point>
</TopoftheSouthMaps:Shape>
</TopoftheSouthMaps:Recreation_-_Places_Of_Interest>
</gml:featureMember>
<gml:featureMember>
<TopoftheSouthMaps:Recreation_-_Places_Of_Interest fid="F5645__825">
<TopoftheSouthMaps:OBJECTID>825</TopoftheSouthMaps:OBJECTID>
<TopoftheSouthMaps:Type>Open Orchard</TopoftheSouthMaps:Type>
('Cleveland Terrace','','','
<TopoftheSouthMaps:WebLinks>
http://www.nelsoncitycouncil.co.nz/growing-food-at-home/
</TopoftheSouthMaps:WebLinks>
<TopoftheSouthMaps:Owner/>
<TopoftheSouthMaps:Council>Nelson City Council</TopoftheSouthMaps:Council>
<TopoftheSouthMaps:AdditionalInformation>Plum</TopoftheSouthMaps:AdditionalInformation>
<TopoftheSouthMaps:GlobalID>{E43250D5-65AD-4667-9B50-328AF010E9E3}</TopoftheSouthMaps:GlobalID>
<TopoftheSouthMaps:Shape>
<gml:Point>
<gml:coordinates>173.29755978684159','-41.27865701792723',''),
</gml:Point>
</TopoftheSouthMaps:Shape>
</TopoftheSouthMaps:Recreation_-_Places_Of_Interest>
</gml:featureMember>
<gml:featureMember>
<TopoftheSouthMaps:Recreation_-_Places_Of_Interest fid="F5645__826">
<TopoftheSouthMaps:OBJECTID>826</TopoftheSouthMaps:OBJECTID>
<TopoftheSouthMaps:Type>Open Orchard</TopoftheSouthMaps:Type>
('Main Road Stoke Open Orchard','','','
<TopoftheSouthMaps:WebLinks>
http://www.nelsoncitycouncil.co.nz/growing-food-at-home/
</TopoftheSouthMaps:WebLinks>
<TopoftheSouthMaps:Owner/>
<TopoftheSouthMaps:Council>Nelson City Council</TopoftheSouthMaps:Council>
<TopoftheSouthMaps:AdditionalInformation>50 Heritage Apple Trees</TopoftheSouthMaps:AdditionalInformation>
<TopoftheSouthMaps:GlobalID>{A7050240-9626-4B9D-AA3B-0DB14144F63C}</TopoftheSouthMaps:GlobalID>
<TopoftheSouthMaps:Shape>
<gml:Point>
<gml:coordinates>173.21688530409784','-41.324694062061347',''),
</gml:Point>
</TopoftheSouthMaps:Shape>
</TopoftheSouthMaps:Recreation_-_Places_Of_Interest>
</gml:featureMember>
<gml:featureMember>
<TopoftheSouthMaps:Recreation_-_Places_Of_Interest fid="F5645__827">
<TopoftheSouthMaps:OBJECTID>827</TopoftheSouthMaps:OBJECTID>
<TopoftheSouthMaps:Type>Open Orchard</TopoftheSouthMaps:Type>
('Maitai Walkway','','','
<TopoftheSouthMaps:WebLinks>
http://www.nelsoncitycouncil.co.nz/growing-food-at-home/
</TopoftheSouthMaps:WebLinks>
<TopoftheSouthMaps:Owner/>
<TopoftheSouthMaps:Council>Nelson City Council</TopoftheSouthMaps:Council>
<TopoftheSouthMaps:AdditionalInformation>Watercress</TopoftheSouthMaps:AdditionalInformation>
<TopoftheSouthMaps:GlobalID>{15648EBB-138E-48BA-A9B3-F0692BD89396}</TopoftheSouthMaps:GlobalID>
<TopoftheSouthMaps:Shape>
<gml:Point>
<gml:coordinates>173.29940386218894','-41.278037557254237',''),
</gml:Point>
</TopoftheSouthMaps:Shape>
</TopoftheSouthMaps:Recreation_-_Places_Of_Interest>
</gml:featureMember>
<gml:featureMember>
<TopoftheSouthMaps:Recreation_-_Places_Of_Interest fid="F5645__828">
<TopoftheSouthMaps:OBJECTID>828</TopoftheSouthMaps:OBJECTID>
<TopoftheSouthMaps:Type>Open Orchard</TopoftheSouthMaps:Type>
('Maitai Walkway','','','
<TopoftheSouthMaps:WebLinks>
http://www.nelsoncitycouncil.co.nz/growing-food-at-home/
</TopoftheSouthMaps:WebLinks>
<TopoftheSouthMaps:Owner/>
<TopoftheSouthMaps:Council>Nelson City Council</TopoftheSouthMaps:Council>
<TopoftheSouthMaps:AdditionalInformation>Plum Tree</TopoftheSouthMaps:AdditionalInformation>
<TopoftheSouthMaps:GlobalID>{A04FB29B-1DEB-4B8B-9928-D7B82F2F1B2C}</TopoftheSouthMaps:GlobalID>
<TopoftheSouthMaps:Shape>
<gml:Point>
<gml:coordinates>173.29822864039303','-41.278688839435731',''),
</gml:Point>
</TopoftheSouthMaps:Shape>
</TopoftheSouthMaps:Recreation_-_Places_Of_Interest>
</gml:featureMember>
<gml:featureMember>
<TopoftheSouthMaps:Recreation_-_Places_Of_Interest fid="F5645__829">
<TopoftheSouthMaps:OBJECTID>829</TopoftheSouthMaps:OBJECTID>
<TopoftheSouthMaps:Type>Open Orchard</TopoftheSouthMaps:Type>
('Open Orchard','','','
<TopoftheSouthMaps:WebLinks>
http://www.nelsoncitycouncil.co.nz/growing-food-at-home/
</TopoftheSouthMaps:WebLinks>
<TopoftheSouthMaps:Owner/>
<TopoftheSouthMaps:Council>Nelson City Council</TopoftheSouthMaps:Council>
<TopoftheSouthMaps:AdditionalInformation>Feijoas</TopoftheSouthMaps:AdditionalInformation>
<TopoftheSouthMaps:GlobalID>{B84D7CA6-C9FA-4DB2-BFBC-CE4EB24A304E}</TopoftheSouthMaps:GlobalID>
<TopoftheSouthMaps:Shape>
<gml:Point>
<gml:coordinates>173.27512213970761','-41.29184612979207',''),
</gml:Point>
</TopoftheSouthMaps:Shape>
</TopoftheSouthMaps:Recreation_-_Places_Of_Interest>
</gml:featureMember>
<gml:featureMember>
<TopoftheSouthMaps:Recreation_-_Places_Of_Interest fid="F5645__830">
<TopoftheSouthMaps:OBJECTID>830</TopoftheSouthMaps:OBJECTID>
<TopoftheSouthMaps:Type>Open Orchard</TopoftheSouthMaps:Type>
('Hira School','','','
<TopoftheSouthMaps:WebLinks>
http://www.nelsoncitycouncil.co.nz/growing-food-at-home/
</TopoftheSouthMaps:WebLinks>
<TopoftheSouthMaps:Owner/>
<TopoftheSouthMaps:Council>Nelson City Council</TopoftheSouthMaps:Council>
<TopoftheSouthMaps:AdditionalInformation>Quince Feijoa Citrus Almond</TopoftheSouthMaps:AdditionalInformation>
<TopoftheSouthMaps:GlobalID>{AAFAF681-9DD7-444C-A7C3-4BC421CF5636}</TopoftheSouthMaps:GlobalID>
<TopoftheSouthMaps:Shape>
<gml:Point>
<gml:coordinates>173.39509689700532','-41.216412462750121',''),
</gml:Point>
</TopoftheSouthMaps:Shape>
</TopoftheSouthMaps:Recreation_-_Places_Of_Interest>
</gml:featureMember>
<gml:featureMember>
<TopoftheSouthMaps:Recreation_-_Places_Of_Interest fid="F5645__831">
<TopoftheSouthMaps:OBJECTID>831</TopoftheSouthMaps:OBJECTID>
<TopoftheSouthMaps:Type>Open Orchard</TopoftheSouthMaps:Type>
('Dorothy Anne Way','','','
<TopoftheSouthMaps:WebLinks>
http://www.nelsoncitycouncil.co.nz/growing-food-at-home/
</TopoftheSouthMaps:WebLinks>
<TopoftheSouthMaps:Owner/>
<TopoftheSouthMaps:Council>Nelson City Council</TopoftheSouthMaps:Council>
<TopoftheSouthMaps:AdditionalInformation>Several Olives And A Fig</TopoftheSouthMaps:AdditionalInformation>
<TopoftheSouthMaps:GlobalID>{D74DC7B5-E052-4ECC-BE3F-FE606D98F125}</TopoftheSouthMaps:GlobalID>
<TopoftheSouthMaps:Shape>
<gml:Point>
<gml:coordinates>173.29473608271539','-41.27906503436477',''),
</gml:Point>
</TopoftheSouthMaps:Shape>
</TopoftheSouthMaps:Recreation_-_Places_Of_Interest>
</gml:featureMember>
<gml:featureMember>
<TopoftheSouthMaps:Recreation_-_Places_Of_Interest fid="F5645__832">
<TopoftheSouthMaps:OBJECTID>832</TopoftheSouthMaps:OBJECTID>
<TopoftheSouthMaps:Type>Open Orchard</TopoftheSouthMaps:Type>
('New Street','','','
<TopoftheSouthMaps:WebLinks>
http://www.nelsoncitycouncil.co.nz/growing-food-at-home/
</TopoftheSouthMaps:WebLinks>
<TopoftheSouthMaps:Owner/>
<TopoftheSouthMaps:Council>Nelson City Council</TopoftheSouthMaps:Council>
<TopoftheSouthMaps:AdditionalInformation>Peach</TopoftheSouthMaps:AdditionalInformation>
<TopoftheSouthMaps:GlobalID>{E3AEA512-94D0-45AB-ADD3-4C6316EC0C0C}</TopoftheSouthMaps:GlobalID>
<TopoftheSouthMaps:Shape>
<gml:Point>
<gml:coordinates>173.28598011774071','-41.2718265958271',''),
</gml:Point>
</TopoftheSouthMaps:Shape>
</TopoftheSouthMaps:Recreation_-_Places_Of_Interest>
</gml:featureMember>
<gml:featureMember>
<TopoftheSouthMaps:Recreation_-_Places_Of_Interest fid="F5645__833">
<TopoftheSouthMaps:OBJECTID>833</TopoftheSouthMaps:OBJECTID>
<TopoftheSouthMaps:Type>Open Orchard</TopoftheSouthMaps:Type>